-- phpMyAdmin SQL Dump
-- version 5.0.2
-- https://www.phpmyadmin.net/
--
-- Host: 127.0.0.1:3306
-- Generation Time: Jun 30, 2022 at 12:41 PM
-- Server version: 5.7.31
-- PHP Version: 7.4.9

SET SQL_MODE = "NO_AUTO_VALUE_ON_ZERO";
START TRANSACTION;
SET time_zone = "+00:00";


/*!40101 SET @OLD_CHARACTER_SET_CLIENT=@@CHARACTER_SET_CLIENT */;
/*!40101 SET @OLD_CHARACTER_SET_RESULTS=@@CHARACTER_SET_RESULTS */;
/*!40101 SET @OLD_COLLATION_CONNECTION=@@COLLATION_CONNECTION */;
/*!40101 SET NAMES utf8mb4 */;

--
-- Database: `db_kms_bkpsdm`
--

-- --------------------------------------------------------

--
-- Table structure for table `akun`
--

DROP TABLE IF EXISTS `akun`;
CREATE TABLE IF NOT EXISTS `akun` (
  `email` varchar(50) NOT NULL,
  `password` text NOT NULL,
  `last_login` datetime NOT NULL,
  `role` int(1) NOT NULL,
  PRIMARY KEY (`email`)
) ENGINE=InnoDB DEFAULT CHARSET=latin1;

--
-- Dumping data for table `akun`
--

INSERT INTO `akun` (`email`, `password`, `last_login`, `role`) VALUES
('ditaindahsari99@gmail.com', '25d55ad283aa400af464c76d713c07ad', '2021-05-03 05:58:29', 1),
('dwipujiastuti@gmail.com', '43dc2685ba2fbee632d2ef7b5848c4ae', '0000-00-00 00:00:00', 2),
('erniastuti@gmail.com', 'b380678c58c2f052674dfec26e0fe9a2', '0000-00-00 00:00:00', 2),
('miftahuddin10@gmail.com', 'fd64d64b8b8b45dc4445d21367cd773d', '0000-00-00 00:00:00', 2),
('mrezakurniawan@gmail.com', 'b380678c58c2f052674dfec26e0fe9a2', '0000-00-00 00:00:00', 2),
('yosepeko11@gmail.com', 'b380678c58c2f052674dfec26e0fe9a2', '0000-00-00 00:00:00', 2),
('yosepekoprayitno@gmail.com', 'b380678c58c2f052674dfec26e0fe9a2', '2021-07-11 00:00:00', 3);

-- --------------------------------------------------------

--
-- Table structure for table `detail_notulensi`
--

DROP TABLE IF EXISTS `detail_notulensi`;
CREATE TABLE IF NOT EXISTS `detail_notulensi` (
  `id` int(11) NOT NULL AUTO_INCREMENT,
  `id_notulensi` int(11) NOT NULL,
  `pokok_pembahasan` text,
  `catatan_diskusi` text,
  `keputusan_tindakan` text NOT NULL,
  PRIMARY KEY (`id`),
  KEY `id_notulensi` (`id_notulensi`)
) ENGINE=InnoDB DEFAULT CHARSET=latin1;

-- --------------------------------------------------------

--
-- Table structure for table `kategori`
--

DROP TABLE IF EXISTS `kategori`;
CREATE TABLE IF NOT EXISTS `kategori` (
  `id_kategori` int(11) NOT NULL AUTO_INCREMENT,
  `nama_kategori` varchar(50) NOT NULL,
  PRIMARY KEY (`id_kategori`)
) ENGINE=InnoDB AUTO_INCREMENT=6 DEFAULT CHARSET=latin1;

--
-- Dumping data for table `kategori`
--

INSERT INTO `kategori` (`id_kategori`, `nama_kategori`) VALUES
(4, 'Pengadaan'),
(5, 'Pemberhentian');

-- --------------------------------------------------------

--
-- Table structure for table `komentar_pengetahuan`
--

DROP TABLE IF EXISTS `komentar_pengetahuan`;
CREATE TABLE IF NOT EXISTS `komentar_pengetahuan` (
  `id` int(11) NOT NULL AUTO_INCREMENT,
  `id_pegawai` int(11) NOT NULL,
  `id_pengetahuan` int(11) NOT NULL,
  `komentar` text NOT NULL,
  `tgl` datetime NOT NULL,
  PRIMARY KEY (`id`),
  KEY `id_pegawai` (`id_pegawai`),
  KEY `id_pengetahuan` (`id_pengetahuan`)
) ENGINE=InnoDB AUTO_INCREMENT=2 DEFAULT CHARSET=latin1;

--
-- Dumping data for table `komentar_pengetahuan`
--

INSERT INTO `komentar_pengetahuan` (`id`, `id_pegawai`, `id_pengetahuan`, `komentar`, `tgl`) VALUES
(1, 3, 4, 'sebaiknya ada penambahan selain kepala sub bidang ya bu dwi :)', '2021-07-17 09:04:57');

-- --------------------------------------------------------

--
-- Table structure for table `notulensi`
--

DROP TABLE IF EXISTS `notulensi`;
CREATE TABLE IF NOT EXISTS `notulensi` (
  `id_notulensi` int(11) NOT NULL AUTO_INCREMENT,
  `tempat` varchar(100) DEFAULT NULL,
  `tanggal_rapat` date DEFAULT NULL,
  `agenda_rapat` text,
  `id_pegawai` int(11) NOT NULL,
  `status` int(1) NOT NULL,
  PRIMARY KEY (`id_notulensi`),
  KEY `id_pegawai` (`id_pegawai`)
) ENGINE=InnoDB AUTO_INCREMENT=2 DEFAULT CHARSET=latin1;

--
-- Dumping data for table `notulensi`
--

INSERT INTO `notulensi` (`id_notulensi`, `tempat`, `tanggal_rapat`, `agenda_rapat`, `id_pegawai`, `status`) VALUES
(1, 'Ruang Rapat', '2021-07-06', 'Rapat Bulanan', 1, 0);

-- --------------------------------------------------------

--
-- Table structure for table `pegawai`
--

DROP TABLE IF EXISTS `pegawai`;
CREATE TABLE IF NOT EXISTS `pegawai` (
  `id_pegawai` int(11) NOT NULL AUTO_INCREMENT,
  `nama_pegawai` varchar(50) NOT NULL,
  `email` varchar(50) NOT NULL,
  `jk` varchar(20) NOT NULL,
  `alamat` text NOT NULL,
  `kontak` varchar(20) NOT NULL,
  `jabatan` varchar(50) NOT NULL,
  PRIMARY KEY (`id_pegawai`),
  UNIQUE KEY `email` (`email`)
) ENGINE=InnoDB AUTO_INCREMENT=6 DEFAULT CHARSET=latin1;

--
-- Dumping data for table `pegawai`
--

INSERT INTO `pegawai` (`id_pegawai`, `nama_pegawai`, `email`, `jk`, `alamat`, `kontak`, `jabatan`) VALUES
(1, 'Dwi Puji Astuti, S.E', 'dwipujiastuti@gmail.com', 'Perempuan', 'Jl. Ratu Penghulu No.154', '081271505209', 'Pengelola Formasi dan Pengadaan Pegawai'),
(2, 'Yosep Eko Prayitno, S.Pd', 'yosepeko11@gmail.com', 'Laki-Laki', 'Jl. Dr Ibu Sutowo No.020', '081373223757', 'Kepala Sub Bidang Pengadaan dan Pemberhentian'),
(3, 'Erni Triastuti, S.Kom., M.Si', 'erniastuti@gmail.com', 'Perempuan', 'Jl. Rs Holindo No. 035', '081260502380', 'Analis Perencanaan SDM Aparatur'),
(4, 'M. Reza Kurniawan, S.T', 'mrezakurniawan@gmail.com', 'Laki-Laki', 'Jl. Air Paoh No. 45', '082282865846', 'Pengelola Data '),
(5, 'Miftahuddin, A.Md', 'miftahuddin10@gmail.com', 'Laki-Laki', 'Jl. Drs Muh Hatta No. 052', '082285876890', 'Pengadministrasi Kepegawaian');

-- --------------------------------------------------------

--
-- Table structure for table `pengetahuan`
--

DROP TABLE IF EXISTS `pengetahuan`;
CREATE TABLE IF NOT EXISTS `pengetahuan` (
  `id_pengetahuan` int(11) NOT NULL AUTO_INCREMENT,
  `judul` text NOT NULL,
  `pengetahuan` text NOT NULL,
  `tgl_pembuatan` int(11) NOT NULL,
  `id_pegawai` int(11) NOT NULL,
  `jenis` varchar(25) NOT NULL,
  `id_kategori` int(11) NOT NULL,
  `status` int(1) NOT NULL,
  `keterangan` text,
  PRIMARY KEY (`id_pengetahuan`),
  KEY `id_kategori` (`id_kategori`),
  KEY `id_pegawai` (`id_pegawai`)
) ENGINE=InnoDB AUTO_INCREMENT=21 DEFAULT CHARSET=latin1;

--
-- Dumping data for table `pengetahuan`
--

INSERT INTO `pengetahuan` (`id_pengetahuan`, `judul`, `pengetahuan`, `tgl_pembuatan`, `id_pegawai`, `jenis`, `id_kategori`, `status`, `keterangan`) VALUES
(4, 'Analisis Beban Kerja', 'explicit/AnalisisBebanKerja.pdf', 2021, 1, 'Explicit', 4, 2, NULL),
(6, 'Surat Keterengan, Rekomendasi, dan Pernyataan ', 'explicit/SURATKETERANGAN,REKOMENDASI,PERNYATAAN.pdf', 2021, 1, 'Explicit', 5, 2, NULL),
(7, 'Berkas Masuk Pensiun', 'explicit/BerkasMasukPensiun.pdf', 2021, 1, 'Explicit', 5, 2, NULL),
(10, 'SK Kegiatan Seleksi Penerimaan CPNS', 'explicit/SKKegiatanSeleksiPenerimaanCPNS.pdf', 2021, 1, 'Explicit', 4, 2, NULL),
(12, 'Perka BKN', 'explicit/PERKAB.pdf', 2021, 1, 'Explicit', 4, 2, NULL),
(13, 'Usul Penetapan TMT Pengangkatan ', 'explicit/USULPENETAPANTMTPENGANGKATAN PNS.pdf', 2021, 1, 'Explicit', 4, 3, 'File nya tidak ditemukan.'),
(14, 'Notulen Rapat ', '<p><strong>NOTULEN RAPAT</strong></p>\r\n\r\n<p>Nama Rapat&nbsp;&nbsp;&nbsp;&nbsp;&nbsp; : Rapat Panitia Seleksi CASN Di Lingkungan Pemkab. OKU Formasi Tahun 2021</p>\r\n\r\n<p>Hari/Tanggal&nbsp;&nbsp;&nbsp;&nbsp; : Selasa / 08 Juni 2021</p>\r\n\r\n<p>Waktu&nbsp;&nbsp;&nbsp;&nbsp;&nbsp;&nbsp;&nbsp;&nbsp;&nbsp;&nbsp;&nbsp;&nbsp;&nbsp;&nbsp;&nbsp; : 09.00 WIB s/d Selesai</p>\r\n\r\n<p>Tempat&nbsp;&nbsp;&nbsp;&nbsp;&nbsp;&nbsp;&nbsp;&nbsp;&nbsp;&nbsp;&nbsp;&nbsp;&nbsp; : Ruang Bina Praja Pemkab. OKU</p>\r\n\r\n<p>Agenda Rapat&nbsp;&nbsp; : 1.&nbsp; Pengelompokan Formasi Khusus CPNS</p>\r\n\r\n<p>&nbsp;&nbsp;&nbsp;&nbsp;&nbsp;&nbsp;&nbsp;&nbsp;&nbsp;&nbsp;&nbsp;&nbsp;&nbsp;&nbsp;&nbsp;&nbsp;&nbsp;&nbsp;&nbsp;&nbsp;&nbsp;&nbsp;&nbsp;&nbsp;&nbsp;&nbsp;&nbsp; 2.&nbsp; Persyaratan Pendaftaran</p>\r\n\r\n<p>&nbsp;&nbsp;&nbsp;&nbsp;&nbsp;&nbsp;&nbsp;&nbsp;&nbsp;&nbsp;&nbsp;&nbsp;&nbsp;&nbsp;&nbsp;&nbsp;&nbsp;&nbsp;&nbsp;&nbsp;&nbsp;&nbsp;&nbsp;&nbsp;&nbsp;&nbsp;&nbsp; 3.&nbsp; Juknis Verifikator dalam Seleksi Administrasi</p>\r\n\r\n<p>&nbsp;</p>\r\n\r\n<ol>\r\n	<li>PENGELOMPOKAN FORMASI KHUSUS CPNS</li>\r\n</ol>\r\n\r\n<ol>\r\n	<li><img src=\"file:///C:\\Users\\DITAIN~1\\AppData\\Local\\Temp\\msohtmlclip1\\01\\clip_image001.gif\" style=\"height:17px; width:17px\" /><img src=\"file:///C:\\Users\\DITAIN~1\\AppData\\Local\\Temp\\msohtmlclip1\\01\\clip_image002.gif\" style=\"height:17px; width:17px\" />Putera/Puteri Lulusan Terbaik (Cumlaude)&nbsp;&nbsp;&nbsp;&nbsp;&nbsp;&nbsp;&nbsp;&nbsp;&nbsp;&nbsp;&nbsp;&nbsp;&nbsp;&nbsp;&nbsp;&nbsp;&nbsp;&nbsp;&nbsp;&nbsp;&nbsp;&nbsp;&nbsp;&nbsp;&nbsp;&nbsp;&nbsp;&nbsp;&nbsp; &nbsp;&nbsp;&nbsp;&nbsp;&nbsp;&nbsp;&nbsp;&nbsp;&nbsp;&nbsp;&nbsp;&nbsp;&nbsp;&nbsp;&nbsp; YA, sebanyak : 1 (satu)&nbsp; &nbsp;&nbsp;&nbsp;&nbsp;&nbsp;&nbsp;&nbsp;&nbsp;&nbsp;&nbsp;&nbsp;&nbsp;&nbsp;&nbsp;&nbsp; TIDAK</li>\r\n</ol>\r\n\r\n<p>1. Ahli pertama-Polisi Pamong Praja ...............................................................................................................................................................</p>\r\n\r\n<ol>\r\n	<li><img src=\"file:///C:\\Users\\DITAIN~1\\AppData\\Local\\Temp\\msohtmlclip1\\01\\clip_image003.gif\" style=\"height:17px; width:16px\" /><img src=\"file:///C:\\Users\\DITAIN~1\\AppData\\Local\\Temp\\msohtmlclip1\\01\\clip_image004.gif\" style=\"height:17px; width:17px\" />Disabilitas&nbsp;&nbsp;&nbsp;&nbsp;&nbsp;&nbsp;&nbsp;&nbsp;&nbsp;&nbsp;&nbsp;&nbsp;&nbsp;&nbsp;&nbsp;&nbsp;&nbsp;&nbsp;&nbsp;&nbsp;&nbsp;&nbsp;&nbsp;&nbsp;&nbsp;&nbsp;&nbsp;&nbsp;&nbsp;&nbsp;&nbsp;&nbsp;&nbsp;&nbsp;&nbsp;&nbsp;&nbsp;&nbsp;&nbsp;&nbsp;&nbsp;&nbsp;&nbsp;&nbsp;&nbsp;&nbsp;&nbsp;&nbsp;&nbsp;&nbsp;&nbsp;&nbsp;&nbsp;&nbsp;&nbsp;&nbsp;&nbsp;&nbsp;&nbsp;&nbsp;&nbsp;&nbsp;&nbsp;&nbsp;&nbsp;&nbsp;&nbsp;&nbsp;&nbsp;&nbsp;&nbsp;&nbsp;&nbsp;&nbsp;&nbsp;&nbsp;&nbsp;&nbsp;&nbsp;&nbsp;&nbsp;&nbsp;&nbsp;&nbsp;&nbsp;&nbsp;&nbsp;&nbsp;&nbsp;&nbsp;&nbsp;&nbsp;&nbsp;&nbsp; YA, sebanyak : 2 (dua)&nbsp;&nbsp;&nbsp;&nbsp;&nbsp;&nbsp;&nbsp;&nbsp;&nbsp;&nbsp;&nbsp;&nbsp;&nbsp;&nbsp;&nbsp;&nbsp;&nbsp;&nbsp; TIDAK</li>\r\n</ol>\r\n\r\n<p>1.Ahli pertama- Administrator Kesehatan</p>\r\n\r\n<p>2.Verifikator Keuangan ................................................................................................................................................................</p>\r\n\r\n<ol>\r\n	<li><img src=\"file:///C:\\Users\\DITAIN~1\\AppData\\Local\\Temp\\msohtmlclip1\\01\\clip_image005.gif\" style=\"height:17px; width:17px\" /><img src=\"file:///C:\\Users\\DITAIN~1\\AppData\\Local\\Temp\\msohtmlclip1\\01\\clip_image006.gif\" style=\"height:17px; width:17px\" />Diaspora&nbsp;&nbsp;&nbsp;&nbsp;&nbsp;&nbsp;&nbsp;&nbsp;&nbsp;&nbsp;&nbsp;&nbsp;&nbsp;&nbsp;&nbsp;&nbsp;&nbsp;&nbsp;&nbsp;&nbsp;&nbsp;&nbsp;&nbsp;&nbsp;&nbsp;&nbsp;&nbsp;&nbsp;&nbsp;&nbsp;&nbsp;&nbsp;&nbsp;&nbsp;&nbsp;&nbsp;&nbsp;&nbsp;&nbsp;&nbsp;&nbsp;&nbsp;&nbsp;&nbsp;&nbsp;&nbsp;&nbsp;&nbsp;&nbsp;&nbsp;&nbsp;&nbsp;&nbsp;&nbsp;&nbsp;&nbsp;&nbsp;&nbsp;&nbsp;&nbsp;&nbsp;&nbsp;&nbsp;&nbsp;&nbsp;&nbsp;&nbsp;&nbsp;&nbsp;&nbsp;&nbsp;&nbsp;&nbsp;&nbsp;&nbsp;&nbsp;&nbsp;&nbsp;&nbsp;&nbsp;&nbsp;&nbsp;&nbsp;&nbsp;&nbsp;&nbsp;&nbsp;&nbsp;&nbsp;&nbsp;&nbsp;&nbsp;&nbsp;&nbsp;&nbsp;&nbsp;&nbsp; YA, sebanyak : .........&nbsp;&nbsp;&nbsp;&nbsp;&nbsp;&nbsp;&nbsp;&nbsp;&nbsp;&nbsp;&nbsp;&nbsp;&nbsp;&nbsp;&nbsp;&nbsp;&nbsp;&nbsp;&nbsp;&nbsp;&nbsp; TIDAK</li>\r\n</ol>\r\n\r\n<p>-</p>\r\n\r\n<p>...............................................................................................................................................................</p>\r\n\r\n<p>&nbsp;</p>\r\n\r\n<ol>\r\n	<li>PERSYARATAN PENDAFTARAN :</li>\r\n</ol>\r\n\r\n<p>1. Scan ASLI e-KTP</p>\r\n\r\n<p>2. Scan ASLI Surat Lamaran</p>\r\n\r\n<p>3. Scan ASLI Ijazah sesuai kualifikasi pendidikan</p>\r\n\r\n<p>4. Scan ASLI Transkrip Nilai atau Scan ASLI Nilai Ebtanas Murni (NEM) / Scan ASLI Surat Keterangan Hasil Ujian Nasional (SKHUN)</p>\r\n\r\n<p>5. Pas Photo terbaru dengan menggunakan kemeja putih dengan latar belakang merah</p>\r\n\r\n<p>6. Scan ASLI Surat Pernyataan Data Diri Pelamar</p>\r\n\r\n<p>7. Scan ASLI Surat Pernyataan Bersedia Mengabdi di Pemerintah Kabupaten OKU dan tidak mengajukan pindah&nbsp;&nbsp; dengan alasan apapun paling singkat selama 10 (sepuluh) tahun sejak TMT PNS</p>\r\n\r\n<p>.....................................................................................................................................................................</p>\r\n\r\n<p>....................................................................................................................................................................</p>\r\n\r\n<p>....................................................................................................................................................................</p>\r\n\r\n<p>....................................................................................................................................................................</p>\r\n\r\n<p>....................................................................................................................................................................</p>\r\n\r\n<p>....................................................................................................................................................................</p>\r\n\r\n<p>....................................................................................................................................................................</p>\r\n\r\n<p>&nbsp;</p>\r\n\r\n<ol>\r\n	<li>JUKNIS VERIFIKATOR DALAM SELEKSI ADMINISTRASI :</li>\r\n</ol>\r\n\r\n<p>1. Scan ASLI e-KTP (berwarna)</p>\r\n\r\n<p>2. Scan ASLI Surat Lamaran</p>\r\n\r\n<p>3. Scan ASLI Ijazah (berwarna)</p>\r\n\r\n<p>4. Scan Transkrip Nilai (berwarna)</p>\r\n\r\n<p>5. Pas Photo terbaru dengan menggunakan kemeja putih dengan latar belakang merah</p>\r\n\r\n<p>6. Scan ASLI Surat Pernyataan Data Diri Pelamar (berwarna)</p>\r\n\r\n<p>7. Surat Keterangan bernomor, bertanggal, ditandatangani Dokter Rumah Sakit Pemerintah/Puskesmas, distempel.</p>\r\n\r\n<p>....................................................................................................................................................................</p>\r\n\r\n<p>....................................................................................................................................................................</p>\r\n\r\n<p>....................................................................................................................................................................</p>\r\n\r\n<p>....................................................................................................................................................................</p>\r\n\r\n<p>....................................................................................................................................................................</p>\r\n\r\n<p>....................................................................................................................................................................</p>\r\n\r\n<p>....................................................................................................................................................................</p>\r\n\r\n<p>Yang dihadiri oleh :</p>\r\n\r\n<table border=\"1\" cellpadding=\"0\" cellspacing=\"0\" style=\"width:718px\">\r\n	<tbody>\r\n		<tr>\r\n			<td style=\"width:38px\">\r\n			<p><strong>No</strong></p>\r\n			</td>\r\n			<td style=\"width:170px\">\r\n			<p><strong>Nama</strong></p>\r\n			</td>\r\n			<td style=\"width:208px\">\r\n			<p><strong>Jabatan Struktural</strong></p>\r\n			</td>\r\n			<td style=\"width:139px\">\r\n			<p><strong>Jabatan dalam Kepanitiaan</strong></p>\r\n			</td>\r\n			<td style=\"width:163px\">\r\n			<p><strong>Tanda Tangan</strong></p>\r\n			</td>\r\n		</tr>\r\n		<tr>\r\n			<td style=\"width:38px\">\r\n			<p>1.</p>\r\n			</td>\r\n			<td style=\"width:170px\">\r\n			<p>Dr. Drs. H. Achmad Tarmizi, S.E., M.T., M.Si.</p>\r\n			</td>\r\n			<td style=\"width:208px\">\r\n			<p>Sekretaris Daerah Kab. OKU</p>\r\n			</td>\r\n			<td style=\"width:139px\">\r\n			<p>Ketua</p>\r\n			</td>\r\n			<td style=\"width:163px\">\r\n			<p>......................</p>\r\n			</td>\r\n		</tr>\r\n		<tr>\r\n			<td style=\"height:34px; width:38px\">\r\n			<p>2.</p>\r\n			</td>\r\n			<td style=\"height:34px; width:170px\">\r\n			<p>H. Romson Fitri, SH., M.Si</p>\r\n			</td>\r\n			<td style=\"height:34px; width:208px\">\r\n			<p>Asisten Adm. Umum Setda OKU</p>\r\n			</td>\r\n			<td style=\"height:34px; width:139px\">\r\n			<p>Wakil Ketua</p>\r\n			</td>\r\n			<td style=\"height:34px; width:163px\">\r\n			<p>......................</p>\r\n			</td>\r\n		</tr>\r\n		<tr>\r\n			<td style=\"width:38px\">\r\n			<p>3.</p>\r\n			</td>\r\n			<td style=\"width:170px\">\r\n			<p>Mirdaili, S.STP., M.Si</p>\r\n			</td>\r\n			<td style=\"width:208px\">\r\n			<p>Ka. BKPSDM Kab. OKU</p>\r\n			</td>\r\n			<td style=\"width:139px\">\r\n			<p>Sekretaris merangkap Anggota</p>\r\n			</td>\r\n			<td style=\"width:163px\">\r\n			<p>......................</p>\r\n			</td>\r\n		</tr>\r\n		<tr>\r\n			<td style=\"width:38px\">\r\n			<p>4.</p>\r\n			</td>\r\n			<td style=\"width:170px\">\r\n			<p>Burhanuddin Lubis, ST</p>\r\n			</td>\r\n			<td style=\"width:208px\">\r\n			<p>Sekretaris BKPSDM Kab. OKU</p>\r\n			</td>\r\n			<td style=\"width:139px\">\r\n			<p>Wakil Sekretaris I merangkap Anggota</p>\r\n			</td>\r\n			<td style=\"width:163px\">\r\n			<p>......................</p>\r\n			</td>\r\n		</tr>\r\n		<tr>\r\n			<td style=\"width:38px\">\r\n			<p>5.</p>\r\n			</td>\r\n			<td style=\"width:170px\">\r\n			<p>Hj. Ari Susanti, SH., MH</p>\r\n			</td>\r\n			<td style=\"width:208px\">\r\n			<p>Kepala Bidang PPPI</p>\r\n\r\n			<p>BKPSDM Kab. OKU</p>\r\n			</td>\r\n			<td style=\"width:139px\">\r\n			<p>Wakil Sekretaris 2 merangkap Anggota</p>\r\n			</td>\r\n			<td style=\"width:163px\">\r\n			<p>......................</p>\r\n			</td>\r\n		</tr>\r\n		<tr>\r\n			<td style=\"width:38px\">\r\n			<p>6.</p>\r\n			</td>\r\n			<td style=\"width:170px\">\r\n			<p>Yosep Eko Prayitno, S.Pd</p>\r\n			</td>\r\n			<td style=\"width:208px\">\r\n			<p>Kasubbid. Pengadaan dan Pemberhentian BKPSDM Kab. OKU</p>\r\n			</td>\r\n			<td style=\"width:139px\">\r\n			<p>Wakil Sekretaris 3 merangkap Anggota</p>\r\n			</td>\r\n			<td style=\"width:163px\">\r\n			<p>......................</p>\r\n			</td>\r\n		</tr>\r\n		<tr>\r\n			<td style=\"height:34px; width:38px\">\r\n			<p>7.</p>\r\n			</td>\r\n			<td style=\"height:34px; width:170px\">\r\n			<p>Ari Susanto, Ak., MM., CA</p>\r\n			</td>\r\n			<td style=\"height:34px; width:208px\">\r\n			<p>Inspektur Kab. OKU</p>\r\n			</td>\r\n			<td style=\"height:34px; width:139px\">\r\n			<p>Anggota</p>\r\n			</td>\r\n			<td style=\"height:34px; width:163px\">\r\n			<p>......................</p>\r\n			</td>\r\n		</tr>\r\n		<tr>\r\n			<td style=\"height:31px; width:38px\">\r\n			<p>8.</p>\r\n			</td>\r\n			<td style=\"height:31px; width:170px\">\r\n			<p>Ir. Gunawan Somad, MM</p>\r\n			</td>\r\n			<td style=\"height:31px; width:208px\">\r\n			<p>Ka. BAPELITBANGDA Kab. OKU</p>\r\n			</td>\r\n			<td style=\"height:31px; width:139px\">\r\n			<p>Anggota</p>\r\n			</td>\r\n			<td style=\"height:31px; width:163px\">\r\n			<p>......................</p>\r\n			</td>\r\n		</tr>\r\n		<tr>\r\n			<td style=\"width:38px\">\r\n			<p>9.</p>\r\n			</td>\r\n			<td style=\"width:170px\">\r\n			<p>H. A M Hanafi, SE., MM</p>\r\n			</td>\r\n			<td style=\"width:208px\">\r\n			<p>Ka. Badan Keuangan dan Aset Daerah Kab. OKU</p>\r\n			</td>\r\n			<td style=\"width:139px\">\r\n			<p>Anggota</p>\r\n			</td>\r\n			<td style=\"width:163px\">\r\n			<p>......................</p>\r\n			</td>\r\n		</tr>\r\n		<tr>\r\n			<td style=\"width:38px\">\r\n			<p>10.</p>\r\n			</td>\r\n			<td style=\"width:170px\">\r\n			<p>Teddy Meilwansyah, S.STP., M.Si</p>\r\n			</td>\r\n			<td style=\"width:208px\">\r\n			<p>Ka. Dinas Pendidikan Kab. OKU</p>\r\n			</td>\r\n			<td style=\"width:139px\">\r\n			<p>Anggota</p>\r\n			</td>\r\n			<td style=\"width:163px\">\r\n			<p>......................</p>\r\n			</td>\r\n		</tr>\r\n		<tr>\r\n			<td style=\"height:34px; width:38px\">\r\n			<p>11.</p>\r\n			</td>\r\n			<td style=\"height:34px; width:170px\">\r\n			<p>H. Husni Thamrin, SE., MM</p>\r\n			</td>\r\n			<td style=\"height:34px; width:208px\">\r\n			<p>Ka. Dinas Kesehatan Kab. OKU</p>\r\n			</td>\r\n			<td style=\"height:34px; width:139px\">\r\n			<p>Anggota</p>\r\n			</td>\r\n			<td style=\"height:34px; width:163px\">\r\n			<p>......................</p>\r\n			</td>\r\n		</tr>\r\n		<tr>\r\n			<td style=\"width:38px\">\r\n			<p>12.</p>\r\n			</td>\r\n			<td style=\"width:170px\">\r\n			<p>Dr. Rynna Dynna. R</p>\r\n			</td>\r\n			<td style=\"width:208px\">\r\n			<p>Direktur RSUD H. Ibnu Sutowo Baturaja</p>\r\n			</td>\r\n			<td style=\"width:139px\">\r\n			<p>Anggota</p>\r\n			</td>\r\n			<td style=\"width:163px\">\r\n			<p>......................</p>\r\n			</td>\r\n		</tr>\r\n		<tr>\r\n			<td style=\"height:33px; width:38px\">\r\n			<p>13.</p>\r\n			</td>\r\n			<td style=\"height:33px; width:170px\">\r\n			<p>Agus Salim, S.Sos., MM</p>\r\n			</td>\r\n			<td style=\"height:33px; width:208px\">\r\n			<p>Ka. Satuan Pol. PP Kab. OKU</p>\r\n			</td>\r\n			<td style=\"height:33px; width:139px\">\r\n			<p>Anggota</p>\r\n			</td>\r\n			<td style=\"height:33px; width:163px\">\r\n			<p>......................</p>\r\n			</td>\r\n		</tr>\r\n		<tr>\r\n			<td style=\"height:29px; width:38px\">\r\n			<p>14.</p>\r\n			</td>\r\n			<td style=\"height:29px; width:170px\">\r\n			<p>Yuniar Syafarina, SH., M.Si</p>\r\n			</td>\r\n			<td style=\"height:29px; width:208px\">\r\n			<p>Kabag. Hukum Setda OKU</p>\r\n			</td>\r\n			<td style=\"height:29px; width:139px\">\r\n			<p>Anggota</p>\r\n			</td>\r\n			<td style=\"height:29px; width:163px\">\r\n			<p>......................</p>\r\n			</td>\r\n		</tr>\r\n		<tr>\r\n			<td style=\"height:30px; width:38px\">\r\n			<p>15.</p>\r\n			</td>\r\n			<td style=\"height:30px; width:170px\">\r\n			<p>Drs. Dadang Hudaya, M.Si</p>\r\n			</td>\r\n			<td style=\"height:30px; width:208px\">\r\n			<p>Kabag. Organisasi Setda OKU</p>\r\n			</td>\r\n			<td style=\"height:30px; width:139px\">\r\n			<p>Anggota</p>\r\n			</td>\r\n			<td style=\"height:30px; width:163px\">\r\n			<p>......................</p>\r\n			</td>\r\n		</tr>\r\n		<tr>\r\n			<td style=\"height:30px; width:38px\">\r\n			<p>16.</p>\r\n			</td>\r\n			<td style=\"height:30px; width:170px\">\r\n			<p>Rico Leonardo, A.Md., S.E., M.Si</p>\r\n			</td>\r\n			<td style=\"height:30px; width:208px\">\r\n			<p>Kabid. Mutasi dan Promosi BKPSDM Kab. OKU</p>\r\n			</td>\r\n			<td style=\"height:30px; width:139px\">\r\n			<p>Anggota</p>\r\n			</td>\r\n			<td style=\"height:30px; width:163px\">\r\n			<p>......................</p>\r\n			</td>\r\n		</tr>\r\n		<tr>\r\n			<td style=\"height:30px; width:38px\">\r\n			<p>17.</p>\r\n			</td>\r\n			<td style=\"height:30px; width:170px\">\r\n			<p>Zulfan Naser, S.Pd.</p>\r\n			</td>\r\n			<td style=\"height:30px; width:208px\">\r\n			<p>Kabid. Pengembangan Aparatur BKPSDM Kab. OKU</p>\r\n			</td>\r\n			<td style=\"height:30px; width:139px\">\r\n			<p>Anggota</p>\r\n			</td>\r\n			<td style=\"height:30px; width:163px\">\r\n			<p>......................</p>\r\n			</td>\r\n		</tr>\r\n		<tr>\r\n			<td style=\"height:30px; width:38px\">\r\n			<p>18.</p>\r\n			</td>\r\n			<td style=\"height:30px; width:170px\">\r\n			<p>Miftahuddin, A.Md</p>\r\n			</td>\r\n			<td style=\"height:30px; width:208px\">\r\n			<p>Kasubbid. Informasi dan Data BKPSDM Kab. OKU</p>\r\n			</td>\r\n			<td style=\"height:30px; width:139px\">\r\n			<p>Admin SSCASN Instansi</p>\r\n			</td>\r\n			<td style=\"height:30px; width:163px\">\r\n			<p>......................</p>\r\n			</td>\r\n		</tr>\r\n		<tr>\r\n			<td style=\"height:30px; width:38px\">\r\n			<p>19.</p>\r\n			</td>\r\n			<td style=\"height:30px; width:170px\">\r\n			<p>&nbsp;</p>\r\n			</td>\r\n			<td style=\"height:30px; width:208px\">\r\n			<p>&nbsp;</p>\r\n			</td>\r\n			<td style=\"height:30px; width:139px\">\r\n			<p>&nbsp;</p>\r\n			</td>\r\n			<td style=\"height:30px; width:163px\">\r\n			<p>......................</p>\r\n			</td>\r\n		</tr>\r\n		<tr>\r\n			<td style=\"height:30px; width:38px\">\r\n			<p>20.</p>\r\n			</td>\r\n			<td style=\"height:30px; width:170px\">\r\n			<p>&nbsp;</p>\r\n			</td>\r\n			<td style=\"height:30px; width:208px\">\r\n			<p>&nbsp;</p>\r\n			</td>\r\n			<td style=\"height:30px; width:139px\">\r\n			<p>&nbsp;</p>\r\n			</td>\r\n			<td style=\"height:30px; width:163px\">\r\n			<p>......................</p>\r\n			</td>\r\n		</tr>\r\n		<tr>\r\n			<td style=\"height:30px; width:38px\">\r\n			<p>21.</p>\r\n			</td>\r\n			<td style=\"height:30px; width:170px\">\r\n			<p>&nbsp;</p>\r\n			</td>\r\n			<td style=\"height:30px; width:208px\">\r\n			<p>&nbsp;</p>\r\n			</td>\r\n			<td style=\"height:30px; width:139px\">\r\n			<p>&nbsp;</p>\r\n			</td>\r\n			<td style=\"height:30px; width:163px\">\r\n			<p>......................</p>\r\n			</td>\r\n		</tr>\r\n		<tr>\r\n			<td style=\"height:30px; width:38px\">\r\n			<p>22.</p>\r\n			</td>\r\n			<td style=\"height:30px; width:170px\">\r\n			<p>&nbsp;</p>\r\n			</td>\r\n			<td style=\"height:30px; width:208px\">\r\n			<p>&nbsp;</p>\r\n			</td>\r\n			<td style=\"height:30px; width:139px\">\r\n			<p>&nbsp;</p>\r\n			</td>\r\n			<td style=\"height:30px; width:163px\">\r\n			<p>......................</p>\r\n			</td>\r\n		</tr>\r\n		<tr>\r\n			<td style=\"height:30px; width:38px\">\r\n			<p>23.</p>\r\n			</td>\r\n			<td style=\"height:30px; width:170px\">\r\n			<p>&nbsp;</p>\r\n			</td>\r\n			<td style=\"height:30px; width:208px\">\r\n			<p>&nbsp;</p>\r\n			</td>\r\n			<td style=\"height:30px; width:139px\">\r\n			<p>&nbsp;</p>\r\n			</td>\r\n			<td style=\"height:30px; width:163px\">\r\n			<p>......................</p>\r\n			</td>\r\n		</tr>\r\n		<tr>\r\n			<td style=\"height:30px; width:38px\">\r\n			<p>24.</p>\r\n			</td>\r\n			<td style=\"height:30px; width:170px\">\r\n			<p>&nbsp;</p>\r\n			</td>\r\n			<td style=\"height:30px; width:208px\">\r\n			<p>&nbsp;</p>\r\n			</td>\r\n			<td style=\"height:30px; width:139px\">\r\n			<p>&nbsp;</p>\r\n			</td>\r\n			<td style=\"height:30px; width:163px\">\r\n			<p>......................</p>\r\n			</td>\r\n		</tr>\r\n		<tr>\r\n			<td style=\"height:30px; width:38px\">\r\n			<p>25.</p>\r\n			</td>\r\n			<td style=\"height:30px; width:170px\">\r\n			<p>&nbsp;</p>\r\n			</td>\r\n			<td style=\"height:30px; width:208px\">\r\n			<p>&nbsp;</p>\r\n			</td>\r\n			<td style=\"height:30px; width:139px\">\r\n			<p>&nbsp;</p>\r\n			</td>\r\n			<td style=\"height:30px; width:163px\">\r\n			<p>......................</p>\r\n			</td>\r\n		</tr>\r\n	</tbody>\r\n</table>\r\n', 2021, 1, 'Tacit', 4, 2, NULL);
INSERT INTO `pengetahuan` (`id_pengetahuan`, `judul`, `pengetahuan`, `tgl_pembuatan`, `id_pegawai`, `jenis`, `id_kategori`, `status`, `keterangan`) VALUES
(15, 'Wawancara Pegawai Mengenai KMS', '<p>&nbsp;</p>\r\n\r\n<p><strong>NARASUMBER I</strong></p>\r\n\r\n<p>&nbsp;</p>\r\n\r\n<p><strong>Narasumber &nbsp; &nbsp;&nbsp;&nbsp;&nbsp;&nbsp;&nbsp;&nbsp;&nbsp;&nbsp;&nbsp;&nbsp; : Yosep Eko Prayitno, S.Pd</strong></p>\r\n\r\n<p><strong>Jabatan&nbsp;&nbsp;&nbsp;&nbsp;&nbsp;&nbsp;&nbsp;&nbsp;&nbsp;&nbsp;&nbsp;&nbsp;&nbsp;&nbsp;&nbsp;&nbsp;&nbsp;&nbsp;&nbsp;&nbsp;&nbsp; : Kepala Sub Bidang Pengadaan Dan Pemberhentian</strong></p>\r\n\r\n<p><strong>Pewawancara&nbsp;&nbsp;&nbsp;&nbsp;&nbsp;&nbsp;&nbsp;&nbsp;&nbsp;&nbsp;&nbsp;&nbsp;: Dita Indah Sari</strong></p>\r\n\r\n<p><strong>Tanggal&nbsp;&nbsp;&nbsp;&nbsp;&nbsp;&nbsp; &nbsp;&nbsp;&nbsp;&nbsp;&nbsp;&nbsp;&nbsp;&nbsp;&nbsp;&nbsp;&nbsp;&nbsp;&nbsp;&nbsp; : 20 Maret 2020</strong></p>\r\n\r\n<p><strong>Waktu&nbsp;&nbsp;&nbsp;&nbsp;&nbsp;&nbsp;&nbsp;&nbsp;&nbsp;&nbsp;&nbsp;&nbsp;&nbsp;&nbsp;&nbsp;&nbsp;&nbsp;&nbsp;&nbsp;&nbsp;&nbsp;&nbsp;&nbsp; : Pukul 10:00 WIB</strong></p>\r\n\r\n<p><strong>Tempat&nbsp;&nbsp;&nbsp;&nbsp;&nbsp;&nbsp;&nbsp;&nbsp;&nbsp;&nbsp;&nbsp;&nbsp;&nbsp;&nbsp;&nbsp;&nbsp;&nbsp;&nbsp;&nbsp;&nbsp;&nbsp; : Badan Kepegawaian, Dan Pengembangan Sumber Daya&nbsp; </strong></p>\r\n\r\n<p><strong>&nbsp;&nbsp;&nbsp;&nbsp;&nbsp;&nbsp;&nbsp;&nbsp;&nbsp;&nbsp;&nbsp;&nbsp;&nbsp;&nbsp;&nbsp;&nbsp;&nbsp;&nbsp;&nbsp;&nbsp;&nbsp;&nbsp;&nbsp;&nbsp;&nbsp;&nbsp;&nbsp;&nbsp;&nbsp;&nbsp;&nbsp;&nbsp;&nbsp;&nbsp;&nbsp; &nbsp;&nbsp;Manusia Kabupaten Ogan Komering Ulu</strong></p>\r\n\r\n<p>&nbsp;</p>\r\n\r\n<table border=\"1\" cellpadding=\"0\" cellspacing=\"0\">\r\n	<tbody>\r\n		<tr>\r\n			<td style=\"width:85px\">\r\n			<p><strong>Waktu</strong></p>\r\n			</td>\r\n			<td style=\"width:270px\">\r\n			<p><strong>Sasaran Pertanyaan</strong></p>\r\n			</td>\r\n			<td style=\"width:257px\">\r\n			<p><strong>Respon Narasumber</strong></p>\r\n			</td>\r\n		</tr>\r\n		<tr>\r\n			<td style=\"width:85px\">\r\n			<p>3 menit</p>\r\n			</td>\r\n			<td style=\"width:270px\">\r\n			<p>Sasaran:</p>\r\n\r\n			<p>Pembukaan wawancara</p>\r\n\r\n			<ul>\r\n				<li>Memperkenalkan diri sendiri</li>\r\n				<li>Berterimakasih kepada narasumber karena telah meluangkan waktunya</li>\r\n				<li>Menyatakan tujuan wawancara</li>\r\n			</ul>\r\n			</td>\r\n			<td style=\"width:257px\">\r\n			<p>&nbsp;</p>\r\n\r\n			<p>&nbsp;</p>\r\n\r\n			<p>&nbsp;</p>\r\n\r\n			<p>Diterima</p>\r\n			</td>\r\n		</tr>\r\n		<tr>\r\n			<td style=\"height:376px; width:85px\">\r\n			<p>3 menit</p>\r\n			</td>\r\n			<td style=\"height:376px; width:270px\">\r\n			<p>Pertanyaan 1 :</p>\r\n\r\n			<p>Sudah berapa lama Bapak bekerja di BKPSDM? Dan apa saja pekerjaan bapak setiap harinya?</p>\r\n			</td>\r\n			<td style=\"height:376px; width:257px\">\r\n			<p>Bekerja kurang lebih 10 tahun, pekerjaan setiap harinya yaitu</p>\r\n\r\n			<p>merencanakan,memeriksa, mengontrol, melaporkan kegiatan di sub Bidang Pengadaan dan Pemberhentian sesuai dengan peraturan perundang-undangan agar dalam pelaksanaan tugasnya dapat berjalan dengan baik.</p>\r\n\r\n			<p>&nbsp;</p>\r\n\r\n			<p>&nbsp;</p>\r\n\r\n			<p>&nbsp;</p>\r\n\r\n			<p>&nbsp;</p>\r\n\r\n			<p>&nbsp;</p>\r\n\r\n			<p>&nbsp;</p>\r\n\r\n			<p>&nbsp;</p>\r\n\r\n			<p>&nbsp;</p>\r\n\r\n			<p>&nbsp;</p>\r\n\r\n			<p>&nbsp;</p>\r\n			</td>\r\n		</tr>\r\n		<tr>\r\n			<td style=\"width:85px\">\r\n			<p>4 menit</p>\r\n			</td>\r\n			<td style=\"width:270px\">\r\n			<p>Pertanyaan 2 :</p>\r\n\r\n			<p>Apakah tugas utama dari Sub Bidang Pengadaan dan Pemberhentian?</p>\r\n			</td>\r\n			<td style=\"width:257px\">\r\n			<ol>\r\n				<li>Membuat program kerja Tahunan di Sub Bidang Pengadaan dan Pemberhentian sebagai pedoman dalam pelaksanaan tugas.</li>\r\n				<li>Membuat atau menyusun usulan kebutuhan formasi Aparatur Sipil Negara (ASN).</li>\r\n				<li>Melaksanakan Pengadaan ASN (PNS dan PPPK) secara professional guna menghasilkan ASN berkualitas.</li>\r\n				<li>Mengusulkan penetapan Nomor Induk Pegawai (NIP) dan Nomor Induk Pegawai Pemerintah dengan Perjanjian Kerja (PPPK).</li>\r\n				<li>Memproses perubahan status CPNS menjadi PNS.</li>\r\n				<li>Memfasilitasi penerbitan Kartu TASPEN.</li>\r\n				<li>Pengangkatan Pegawai Tidak Tetap (PTT) daerah.</li>\r\n				<li>Melaksanakan sumpah/ janji ASN.</li>\r\n			</ol>\r\n\r\n			<p>&nbsp;</p>\r\n			</td>\r\n		</tr>\r\n		<tr>\r\n			<td style=\"width:85px\">\r\n			<p>3 menit</p>\r\n			</td>\r\n			<td style=\"width:270px\">\r\n			<p>Pertanyaan 3 :</p>\r\n\r\n			<p>Apakah telah ada sistem yang menyimpan pengetahuan para karyawan di Sub Bidang Pengadaan dan Pemberhentian terutama pengetahuan para pegawai yang telah ahli? (baik tacit maupun explicit)</p>\r\n			</td>\r\n			<td style=\"width:257px\">\r\n			<p>Belum ada.</p>\r\n			</td>\r\n		</tr>\r\n		<tr>\r\n			<td style=\"width:85px\">\r\n			<p>3 menit</p>\r\n			</td>\r\n			<td style=\"width:270px\">\r\n			<p>Pertanyaan 4 :</p>\r\n\r\n			<p>Media komunikasi apa saja yang biasa digunakan disini?</p>\r\n			</td>\r\n			<td style=\"width:257px\">\r\n			<p>Media yang biasa digunakan di Sub Bidang Pengadaan dan Pemberhentian ini yaitu Google Drive untuk berbagi informasi berupa file, atau juga menggunakan media social seperti Whatsapp atau Facebook.</p>\r\n\r\n			<p>&nbsp;</p>\r\n\r\n			<p>&nbsp;</p>\r\n\r\n			<p>&nbsp;</p>\r\n\r\n			<p>&nbsp;</p>\r\n\r\n			<p>&nbsp;</p>\r\n\r\n			<p>&nbsp;</p>\r\n\r\n			<p>&nbsp;</p>\r\n\r\n			<p>&nbsp;</p>\r\n\r\n			<p>&nbsp;</p>\r\n\r\n			<p>&nbsp;</p>\r\n			</td>\r\n		</tr>\r\n		<tr>\r\n			<td style=\"width:85px\">\r\n			<p>3 menit</p>\r\n			</td>\r\n			<td style=\"width:270px\">\r\n			<p>Pertanyaan 5 :</p>\r\n\r\n			<p>Apa kendala yang biasanya terjadi pada pegawai?</p>\r\n			</td>\r\n			<td style=\"width:257px\">\r\n			<p>Tidak semua pegawai menguasai/ mampu melaksanakan seluruh tugas yang ada di Sub Bidang Pengadaan dan Pemberhentian. Sehingga jika terdapat pegawai yang tidak masuk kerja (cuti/ sakit) maka pekerjaannya akan tertunda.</p>\r\n\r\n			<p>&nbsp;</p>\r\n\r\n			<p>&nbsp;</p>\r\n\r\n			<p>&nbsp;</p>\r\n			</td>\r\n		</tr>\r\n		<tr>\r\n			<td style=\"height:29px; width:85px\">\r\n			<p>3 menit</p>\r\n			</td>\r\n			<td style=\"height:29px; width:270px\">\r\n			<p>Pertanyaan 6 :</p>\r\n\r\n			<p>Solusi apa yang harus diberikan ketika mengatasi permasalahan tersebut?</p>\r\n			</td>\r\n			<td style=\"height:29px; width:257px\">\r\n			<p>Jika terdesak, melakukan panggilan berulang via telepon untuk saling bertanya mengenai pekerjaan.</p>\r\n\r\n			<p>&nbsp;</p>\r\n\r\n			<p>&nbsp;</p>\r\n\r\n			<p>&nbsp;</p>\r\n			</td>\r\n		</tr>\r\n		<tr>\r\n			<td style=\"height:29px; width:85px\">\r\n			<p>3 menit</p>\r\n			</td>\r\n			<td style=\"height:29px; width:270px\">\r\n			<p>Pertanyaan 7 :</p>\r\n\r\n			<p>Ada tidak kegiatan yang mengembangkan potensi pegawai? Misalnya pelatihan yang mengundang pihak ahli.</p>\r\n\r\n			<p>&nbsp;</p>\r\n			</td>\r\n			<td style=\"height:29px; width:257px\">\r\n			<p>Ada.</p>\r\n\r\n			<p>Di BKPSDM setiap tahunnya telah dianggarkan biaya untuk mengikuti pendidikan dan pelatihan di Bidang Kepegawaian untuk meningkatkan SDM sehingga berguna dalam peningkatan kinerja.</p>\r\n\r\n			<p>Contoh : Diklat Analisis Jabatan dan Beban Kerja, Diklat Widyaiswara, Diklat Pengadaan Barang dan Jasa.</p>\r\n			</td>\r\n		</tr>\r\n		<tr>\r\n			<td style=\"height:169px; width:85px\">\r\n			<p>3 menit</p>\r\n			</td>\r\n			<td style=\"height:169px; width:270px\">\r\n			<p>Pertanyaan 8 :</p>\r\n\r\n			<p>Apakah di Sub Bidang Pengadaan dan Pemberhentian ini sudah menerapkan <em>Knowledge Management</em>?</p>\r\n			</td>\r\n			<td style=\"height:169px; width:257px\">\r\n			<p>Sudah, sesama pegawai wajib untuk berkomunikasi dan saling bertukar informasi dan ide-ide serta pengalaman masing-masing agar menambah wawasan sesama pegawai.</p>\r\n			</td>\r\n		</tr>\r\n		<tr>\r\n			<td style=\"height:29px; width:85px\">\r\n			<p>4 menit</p>\r\n			</td>\r\n			<td style=\"height:29px; width:270px\">\r\n			<p>Pertanyaan 9 :</p>\r\n\r\n			<p>Apa yang biasanya menjadi kendala pegawi untuk sulit berbagi <em>knowledge</em> satu sama lain?</p>\r\n\r\n			<p>&nbsp;</p>\r\n			</td>\r\n			<td style=\"height:29px; width:257px\">\r\n			<p>Selama ini tidak ada kesulitan, karena bisa bertanya satu sama lain antar pegawai.</p>\r\n\r\n			<p>&nbsp;</p>\r\n\r\n			<p>&nbsp;</p>\r\n\r\n			<p>&nbsp;</p>\r\n\r\n			<p>&nbsp;</p>\r\n\r\n			<p>&nbsp;</p>\r\n			</td>\r\n		</tr>\r\n		<tr>\r\n			<td style=\"height:29px; width:85px\">\r\n			<p>3 menit</p>\r\n			</td>\r\n			<td style=\"height:29px; width:270px\">\r\n			<p>Pertanyaan 10 :</p>\r\n\r\n			<p>Seberapa sering di Sub Bidang Pengadaan dan Pemberhentian ini melakukan evaluasi dan sharing?</p>\r\n			</td>\r\n			<td style=\"height:29px; width:257px\">\r\n			<p>Biasanya untuk evaluasi dan sharing dapat dilakukan sebulan sekali.</p>\r\n\r\n			<p>&nbsp;</p>\r\n\r\n			<p>&nbsp;</p>\r\n			</td>\r\n		</tr>\r\n		<tr>\r\n			<td style=\"height:29px; width:85px\">\r\n			<p>4 menit</p>\r\n			</td>\r\n			<td style=\"height:29px; width:270px\">\r\n			<p>Pertanyaan 11:</p>\r\n\r\n			<p>Biasanya apa saja yang menjadi bahan evaluasi dan sharing di Bidang Pengadaan dan Pemberhentian?</p>\r\n			</td>\r\n			<td style=\"height:29px; width:257px\">\r\n			<p>-Hasil pekerjaan</p>\r\n\r\n			<p>-Waktu penyelesaian pekerjaan</p>\r\n\r\n			<p>-Kendala yang dihadapi dalam &nbsp;</p>\r\n\r\n			<p>&nbsp; pekerjaan</p>\r\n\r\n			<p>&nbsp;</p>\r\n\r\n			<p>&nbsp;</p>\r\n			</td>\r\n		</tr>\r\n		<tr>\r\n			<td style=\"height:29px; width:85px\">\r\n			<p>4 menit</p>\r\n			</td>\r\n			<td style=\"height:29px; width:270px\">\r\n			<p>Pertanyaan 12:</p>\r\n\r\n			<p>Pegawai di Sub Bidang Pengadaan dan Pemberhentian biasanya bekerja secara individual atau <em>Teamwork</em>? Lalu apakah pekerjaan yang dilakukan sudah sesuai dengan keahlian masing-masing pegawai?</p>\r\n\r\n			<p>&nbsp;</p>\r\n			</td>\r\n			<td style=\"height:29px; width:257px\">\r\n			<p>Bekerja secara <em>Teamwork</em> dan pekerjaan yang dilakukan sudah sesuai dengan keahlian masing-masing pegawai.</p>\r\n\r\n			<p>&nbsp;</p>\r\n\r\n			<p>&nbsp;</p>\r\n\r\n			<p>&nbsp;</p>\r\n\r\n			<p>&nbsp;</p>\r\n\r\n			<p>&nbsp;</p>\r\n			</td>\r\n		</tr>\r\n		<tr>\r\n			<td style=\"height:29px; width:85px\">\r\n			<p>4 menit</p>\r\n			</td>\r\n			<td style=\"height:29px; width:270px\">\r\n			<p>Pertanyaan 13 :</p>\r\n\r\n			<p>Apakah disini ada perpustakaan untuk menyimpan arsip &ndash; arsip, laporan, karya inovatif? Dan apakah pegawai disini sering melakukan pengetahuan secara ekplisit. Artinya, pengetahuan itu dituang ke dalam media tulisan seperti laporan?</p>\r\n\r\n			<p>&nbsp;</p>\r\n\r\n			<p>&nbsp;</p>\r\n			</td>\r\n			<td style=\"height:29px; width:257px\">\r\n			<p>Belum ada perpustakaan untuk menyimpan arsip-arsip laporan, dan pengetahuan itu biasanya dituang kedalam media seperti laporan.</p>\r\n\r\n			<p>&nbsp;</p>\r\n			</td>\r\n		</tr>\r\n		<tr>\r\n			<td style=\"height:29px; width:85px\">\r\n			<p>&nbsp;</p>\r\n\r\n			<p>&nbsp;</p>\r\n\r\n			<p>4 menit</p>\r\n			</td>\r\n			<td style=\"height:29px; width:270px\">\r\n			<p>Pertanyaan 14:</p>\r\n\r\n			<p>Apakah <em>Knowledge Management System</em> (KMS) dapat membantu dan berguna dalam mendokumentasikan <em>Knowledge</em> setiap pegawai?</p>\r\n			</td>\r\n			<td style=\"height:29px; width:257px\">\r\n			<p><em>Knowledge Management System</em> sangat bermanfaat dan membantu terutama bagi para pegawai. Guna terciptanya <em>Smart</em> ASN yang berkelas dunia dengan profil sebagai berikut: Integritas, Nasionalisme, Profesionalisme, Wawasan Global, IT dan Bahasa Asing, <em>Hospitality</em>, <em>Networking</em> dan <em>Entrepreneurship.</em></p>\r\n\r\n			<p>&nbsp;</p>\r\n\r\n			<p>&nbsp;</p>\r\n			</td>\r\n		</tr>\r\n		<tr>\r\n			<td style=\"height:29px; width:85px\">\r\n			<p>50 menit</p>\r\n			</td>\r\n			<td style=\"height:29px; width:270px\">\r\n			<p>Total waktu yang dialokasikan untuk pertanyaan dan sasaran</p>\r\n			</td>\r\n			<td style=\"height:29px; width:257px\">\r\n			<p><strong>&nbsp;&nbsp;&nbsp; -</strong></p>\r\n			</td>\r\n		</tr>\r\n	</tbody>\r\n</table>\r\n\r\n<p>&nbsp;</p>\r\n\r\n<table border=\"1\" cellpadding=\"0\" cellspacing=\"0\" style=\"width:612px\">\r\n	<tbody>\r\n		<tr>\r\n			<td style=\"height:128px; width:149px\">\r\n			<p>Keterangan :</p>\r\n			</td>\r\n			<td style=\"height:128px; width:208px\">\r\n			<p>Yang mewawancarai</p>\r\n\r\n			<p>&nbsp;</p>\r\n\r\n			<p>&nbsp;</p>\r\n\r\n			<p>&nbsp;</p>\r\n\r\n			<p>&nbsp;</p>\r\n\r\n			<p>Dita Indah Sari</p>\r\n			</td>\r\n			<td style=\"height:128px; width:255px\">\r\n			<p>Narasumber</p>\r\n\r\n			<p>&nbsp;</p>\r\n\r\n			<p>&nbsp;</p>\r\n\r\n			<p>&nbsp;</p>\r\n\r\n			<p>&nbsp;</p>\r\n\r\n			<p>Yosep Eko Prayitno, S.Pd</p>\r\n			</td>\r\n		</tr>\r\n	</tbody>\r\n</table>\r\n\r\n<p>&nbsp;</p>\r\n\r\n<p>&nbsp;</p>\r\n\r\n<p>&nbsp;</p>\r\n\r\n<p>&nbsp;</p>\r\n\r\n<p>&nbsp;</p>\r\n\r\n<p>&nbsp;</p>\r\n\r\n<p>&nbsp;</p>\r\n\r\n<p>&nbsp;</p>\r\n\r\n<p>&nbsp;</p>\r\n\r\n<p>&nbsp;</p>\r\n\r\n<p>&nbsp;</p>\r\n\r\n<p>&nbsp;</p>\r\n\r\n<p>&nbsp;</p>\r\n\r\n<p>&nbsp;</p>\r\n\r\n<p>&nbsp;</p>\r\n\r\n<p>&nbsp;</p>\r\n\r\n<p>&nbsp;</p>\r\n\r\n<p>&nbsp;</p>\r\n\r\n<p><strong>NARASUMBER II</strong></p>\r\n\r\n<p>&nbsp;</p>\r\n\r\n<p><strong>Narasumber &nbsp; &nbsp;&nbsp;&nbsp;&nbsp;&nbsp;&nbsp;&nbsp;&nbsp;&nbsp;&nbsp;&nbsp; : Erni Triastuti, S.Kom., M.Si</strong></p>\r\n\r\n<p><strong>Jabatan&nbsp;&nbsp;&nbsp;&nbsp;&nbsp;&nbsp;&nbsp;&nbsp;&nbsp;&nbsp;&nbsp;&nbsp;&nbsp;&nbsp;&nbsp;&nbsp;&nbsp;&nbsp;&nbsp;&nbsp;&nbsp; : Analis Perencanaan SDM Aparatur</strong></p>\r\n\r\n<p><strong>Pewawancara&nbsp;&nbsp;&nbsp;&nbsp;&nbsp;&nbsp;&nbsp;&nbsp;&nbsp;&nbsp;&nbsp;&nbsp;&nbsp;&nbsp;&nbsp;&nbsp;&nbsp;&nbsp;&nbsp;&nbsp;&nbsp;&nbsp;&nbsp; : Dita Indah Sari</strong></p>\r\n\r\n<p><strong>Tanggal&nbsp;&nbsp;&nbsp;&nbsp;&nbsp;&nbsp; &nbsp;&nbsp;&nbsp;&nbsp;&nbsp;&nbsp;&nbsp;&nbsp;&nbsp;&nbsp;&nbsp;&nbsp;&nbsp;&nbsp; : 20 Maret 2020</strong></p>\r\n\r\n<p><strong>Waktu&nbsp;&nbsp;&nbsp;&nbsp;&nbsp;&nbsp;&nbsp;&nbsp;&nbsp;&nbsp;&nbsp;&nbsp;&nbsp;&nbsp;&nbsp;&nbsp;&nbsp;&nbsp;&nbsp;&nbsp;&nbsp;&nbsp;&nbsp; : Pukul 11:00 WIB</strong></p>\r\n\r\n<p><strong>Tempat&nbsp;&nbsp;&nbsp;&nbsp;&nbsp;&nbsp;&nbsp;&nbsp;&nbsp;&nbsp;&nbsp;&nbsp;&nbsp;&nbsp;&nbsp;&nbsp;&nbsp;&nbsp;&nbsp;&nbsp;&nbsp; : Badan Kepegawaian, Dan Pengembangan Sumber Daya&nbsp; </strong></p>\r\n\r\n<p><strong>&nbsp;&nbsp;&nbsp;&nbsp;&nbsp;&nbsp;&nbsp;&nbsp;&nbsp;&nbsp;&nbsp;&nbsp;&nbsp;&nbsp;&nbsp;&nbsp;&nbsp;&nbsp;&nbsp;&nbsp;&nbsp;&nbsp;&nbsp;&nbsp;&nbsp;&nbsp;&nbsp;&nbsp;&nbsp;&nbsp;&nbsp;&nbsp;&nbsp;&nbsp;&nbsp; &nbsp;&nbsp;Manusia Kabupaten Ogan Komering Ulu</strong></p>\r\n\r\n<p>&nbsp;</p>\r\n\r\n<table border=\"1\" cellpadding=\"0\" cellspacing=\"0\">\r\n	<tbody>\r\n		<tr>\r\n			<td style=\"width:85px\">\r\n			<p><strong>Waktu</strong></p>\r\n			</td>\r\n			<td style=\"width:270px\">\r\n			<p><strong>Sasaran Pertanyaan</strong></p>\r\n			</td>\r\n			<td style=\"width:257px\">\r\n			<p><strong>Respon Narasumber</strong></p>\r\n			</td>\r\n		</tr>\r\n		<tr>\r\n			<td style=\"width:85px\">\r\n			<p>3 menit</p>\r\n			</td>\r\n			<td style=\"width:270px\">\r\n			<p>Sasaran:</p>\r\n\r\n			<p>Pembukaan wawancara</p>\r\n\r\n			<ul>\r\n				<li>Memperkenalkan diri sendiri</li>\r\n				<li>Berterimakasih kepada narasumber karena telah meluangkan waktunya</li>\r\n				<li>Menyatakan tujuan wawancara</li>\r\n			</ul>\r\n			</td>\r\n			<td style=\"width:257px\">\r\n			<p>&nbsp;</p>\r\n\r\n			<p>&nbsp;</p>\r\n\r\n			<p>&nbsp;</p>\r\n\r\n			<p>Diterima</p>\r\n			</td>\r\n		</tr>\r\n		<tr>\r\n			<td style=\"height:191px; width:85px\">\r\n			<p>3 menit</p>\r\n			</td>\r\n			<td style=\"height:191px; width:270px\">\r\n			<p>Pertanyaan 1 :</p>\r\n\r\n			<p>Sudah berapa lama Ibu bekerja di BKPSDM? Dan apa saja pekerjaan Ibu setiap harinya?</p>\r\n			</td>\r\n			<td style=\"height:191px; width:257px\">\r\n			<p>Bekerja kurang lebih 10 tahun, pekerjaan setiap harinya yaitu</p>\r\n\r\n			<p>Menelaah dan menganalisa obyek kerja sesuai dengan prosedur yang berlaku agar semua pekerjaan dapat diselesaikan secara berdaya guna dan berhasil guna di bidang perencanaan sumber daya manusia aparatur.</p>\r\n\r\n			<p>&nbsp;</p>\r\n			</td>\r\n		</tr>\r\n		<tr>\r\n			<td style=\"width:85px\">\r\n			<p>4 menit</p>\r\n			</td>\r\n			<td style=\"width:270px\">\r\n			<p>Pertanyaan 2 :</p>\r\n\r\n			<p>Apakah tugas utama dari Sub Bidang Pengadaan dan Pemberhentian?</p>\r\n			</td>\r\n			<td style=\"width:257px\">\r\n			<ol>\r\n				<li>Membuat program kerja Tahunan di Sub Bidang Pengadaan dan Pemberhentian sebagai pedoman dalam pelaksanaan tugas.</li>\r\n				<li>Membuat atau menyusun usulan kebutuhan formasi Aparatur Sipil Negara (ASN).</li>\r\n				<li>Melaksanakan Pengadaan ASN (PNS dan PPPK) secara professional guna menghasilkan ASN berkualitas.</li>\r\n				<li>Mengusulkan penetapan Nomor Induk Pegawai (NIP) dan Nomor Induk Pegawai Pemerintah dengan Perjanjian Kerja (PPPK).</li>\r\n				<li>Memproses perubahan status CPNS menjadi PNS.</li>\r\n				<li>Memfasilitasi penerbitan Kartu TASPEN.</li>\r\n				<li>Pengangkatan Pegawai Tidak Tetap (PTT) daerah.</li>\r\n				<li>Melaksanakan sumpah/ janji ASN.</li>\r\n			</ol>\r\n\r\n			<p>&nbsp;</p>\r\n			</td>\r\n		</tr>\r\n		<tr>\r\n			<td style=\"width:85px\">\r\n			<p>3 menit</p>\r\n			</td>\r\n			<td style=\"width:270px\">\r\n			<p>Pertanyaan 3 :</p>\r\n\r\n			<p>Apakah telah ada sistem yang menyimpan pengetahuan para karyawan di Sub Bidang Pengadaan dan Pemberhentian terutama pengetahuan para pegawai yang telah ahli? (baik tacit maupun explicit)</p>\r\n			</td>\r\n			<td style=\"width:257px\">\r\n			<p>Sampai saat ini belum ada sistem yang tersedia.</p>\r\n			</td>\r\n		</tr>\r\n		<tr>\r\n			<td style=\"width:85px\">\r\n			<p>3 menit</p>\r\n			</td>\r\n			<td style=\"width:270px\">\r\n			<p>Pertanyaan 4 :</p>\r\n\r\n			<p>Media komunikasi apa saja yang biasa digunakan disini?</p>\r\n			</td>\r\n			<td style=\"width:257px\">\r\n			<p>Media yang biasa digunakan di di Bidang Pengadaan dan Pemberhentian ini yaitu Google Drive untuk berbagi informasi berupa file, atau juga menggunakan media social seperti Whatsapp atau Facebook.</p>\r\n\r\n			<p>&nbsp;</p>\r\n\r\n			<p>&nbsp;</p>\r\n\r\n			<p>&nbsp;</p>\r\n\r\n			<p>&nbsp;</p>\r\n\r\n			<p>&nbsp;</p>\r\n			</td>\r\n		</tr>\r\n		<tr>\r\n			<td style=\"width:85px\">\r\n			<p>3 menit</p>\r\n			</td>\r\n			<td style=\"width:270px\">\r\n			<p>Pertanyaan 5 :</p>\r\n\r\n			<p>Apa kendala yang biasanya terjadi pada pegawai?</p>\r\n\r\n			<p>&nbsp;</p>\r\n\r\n			<p>&nbsp;</p>\r\n\r\n			<p>&nbsp;</p>\r\n\r\n			<p>&nbsp;</p>\r\n			</td>\r\n			<td style=\"width:257px\">\r\n			<p>Karena kita dalam satu bidang ini berkesinambungan , jadi jika ada salah satu karyawan yang mengambil cuti, atau tidak masuk kami harus bertanya kepada nya jika suatu ketika terjadi masalah.</p>\r\n			</td>\r\n		</tr>\r\n		<tr>\r\n			<td style=\"height:29px; width:85px\">\r\n			<p>3 menit</p>\r\n			</td>\r\n			<td style=\"height:29px; width:270px\">\r\n			<p>Pertanyaan 6 :</p>\r\n\r\n			<p>Solusi apa yang harus diberikan ketika mengatasi permasalahan tersebut?</p>\r\n			</td>\r\n			<td style=\"height:29px; width:257px\">\r\n			<p>Jika terdesak, melakukan panggilan berulang via telepon untuk saling bertanya mengenai pekerjaan.</p>\r\n\r\n			<p>&nbsp;</p>\r\n\r\n			<p>&nbsp;</p>\r\n			</td>\r\n		</tr>\r\n		<tr>\r\n			<td style=\"height:29px; width:85px\">\r\n			<p>3 menit</p>\r\n			</td>\r\n			<td style=\"height:29px; width:270px\">\r\n			<p>Pertanyaan 7 :</p>\r\n\r\n			<p>Ada tidak kegiatan yang mengembangkan potensi pegawai? Misalnya pelatihan yang mengundang pihak ahli.</p>\r\n\r\n			<p>&nbsp;</p>\r\n			</td>\r\n			<td style=\"height:29px; width:257px\">\r\n			<p>Tentunya ada, untuk pelatihan sendiri itu pasti ada setiap tahunnya. Pelatihan yang dilakukan juga menyesuaikan kebutuhan dan kondisi, contohnya&nbsp; Diklat tentang kepegawaian dimana setiap pegawai harus mengikuti pelatihan tersebut untuk menunjang kinerjanya, baik ketika dia ditempatkan di lapangan maupun ruangan</p>\r\n\r\n			<p>&nbsp;</p>\r\n\r\n			<p>&nbsp;</p>\r\n			</td>\r\n		</tr>\r\n		<tr>\r\n			<td style=\"height:133px; width:85px\">\r\n			<p>3 menit</p>\r\n			</td>\r\n			<td style=\"height:133px; width:270px\">\r\n			<p>Pertanyaan 8 :</p>\r\n\r\n			<p>Apakah di Sub Bidang Pengadaan dan Pemberhentian ini sudah menerapkan <em>Knowledge Management</em>?</p>\r\n			</td>\r\n			<td style=\"height:133px; width:257px\">\r\n			<p>Sudah, sesama pegawai sudah menerapkan budaya saling bertukar informasi dan ide-ide untuk menambah wawasan sesama pegawai</p>\r\n\r\n			<p>&nbsp;</p>\r\n			</td>\r\n		</tr>\r\n		<tr>\r\n			<td style=\"height:29px; width:85px\">\r\n			<p>3 menit</p>\r\n			</td>\r\n			<td style=\"height:29px; width:270px\">\r\n			<p>Pertanyaan 9 :</p>\r\n\r\n			<p>Apa yang biasanya menjadi kendala pegawai untuk sulit berbagi <em>knowledge</em> satu sama lain?</p>\r\n\r\n			<p>&nbsp;</p>\r\n			</td>\r\n			<td style=\"height:29px; width:257px\">\r\n			<p>Sampai saat ini tidak ada kesulitan, karena bisa bertanya satu sama lain antar pegawai.</p>\r\n\r\n			<p>&nbsp;</p>\r\n\r\n			<p>&nbsp;</p>\r\n\r\n			<p>&nbsp;</p>\r\n\r\n			<p>&nbsp;</p>\r\n			</td>\r\n		</tr>\r\n		<tr>\r\n			<td style=\"height:29px; width:85px\">\r\n			<p>3 menit</p>\r\n			</td>\r\n			<td style=\"height:29px; width:270px\">\r\n			<p>Pertanyaan 10 :</p>\r\n\r\n			<p>Seberapa sering di Sub Bidang Pengadaan dan Pemberhentian ini melakukan evaluasi dan sharing?</p>\r\n			</td>\r\n			<td style=\"height:29px; width:257px\">\r\n			<p>Biasanya untuk evaluasi dan sharing dapat dilakukan sebulan sekali, tetapi jika ada kegiatan besar, maka setelah kegiatan tersebut dapat langsung dievaluasi dan sharing.</p>\r\n\r\n			<p>&nbsp;</p>\r\n			</td>\r\n		</tr>\r\n		<tr>\r\n			<td style=\"height:29px; width:85px\">\r\n			<p>4 menit</p>\r\n			</td>\r\n			<td style=\"height:29px; width:270px\">\r\n			<p>Pertanyaan 11:</p>\r\n\r\n			<p>Biasanya apa saja yang menjadi bahan evaluasi dan sharing di Sub Bidang Pengadaan dan Pemberhentian?</p>\r\n			</td>\r\n			<td style=\"height:29px; width:257px\">\r\n			<p>Tergantung kegiatan yang dilakukan, contoh Seleksi Pengadaan CPNS</p>\r\n\r\n			<p>&nbsp;</p>\r\n\r\n			<p>&nbsp;</p>\r\n\r\n			<p>&nbsp;</p>\r\n\r\n			<p>&nbsp;</p>\r\n\r\n			<p>&nbsp;</p>\r\n			</td>\r\n		</tr>\r\n		<tr>\r\n			<td style=\"height:29px; width:85px\">\r\n			<p>3 menit</p>\r\n			</td>\r\n			<td style=\"height:29px; width:270px\">\r\n			<p>Pertanyaan 12:</p>\r\n\r\n			<p>Pegawai di Sub Bidang Pengadaan dan Pemberhentian biasanya bekerja secara individual atau teamwork? Lalu apakah pekerjaan yang dilakukan sudah sesuai dengan keahlian masing-masing pegawai?</p>\r\n\r\n			<p>&nbsp;</p>\r\n			</td>\r\n			<td style=\"height:29px; width:257px\">\r\n			<p>Dilihat dari kegiatan, jika mengenai pekerjaan masing-masing dilakukan secara individual, namun jika kegiatan besar biasanya dilakukan secara teamwork, dan pekerjaan dilakukan sudah sesuai dengan keahlian masing-masing.</p>\r\n\r\n			<p>&nbsp;</p>\r\n\r\n			<p>&nbsp;</p>\r\n			</td>\r\n		</tr>\r\n		<tr>\r\n			<td style=\"height:29px; width:85px\">\r\n			<p>3 menit</p>\r\n			</td>\r\n			<td style=\"height:29px; width:270px\">\r\n			<p>Pertanyaan 13 :</p>\r\n\r\n			<p>Apakah disini ada perpustakaan untuk menyimpan arsip &ndash; arsip, laporan, karya inovatif? Dan apakah pegawai disini sering melakukan pengetahuan secara ekplisit. Artinya, pengetahuan itu dituang ke dalam media tulisan seperti laporan?</p>\r\n\r\n			<p>&nbsp;</p>\r\n\r\n			<p>&nbsp;</p>\r\n			</td>\r\n			<td style=\"height:29px; width:257px\">\r\n			<p>Untuk saat ini belum ada perpustakaan untuk menyimpan arsip-arsip laporan, dan pengetahuan itu biasanya dituang kedalam media seperti laporan.</p>\r\n\r\n			<p>&nbsp;</p>\r\n			</td>\r\n		</tr>\r\n		<tr>\r\n			<td style=\"height:29px; width:85px\">\r\n			<p>&nbsp;</p>\r\n\r\n			<p>&nbsp;</p>\r\n\r\n			<p>4 menit</p>\r\n			</td>\r\n			<td style=\"height:29px; width:270px\">\r\n			<p>Pertanyaan 14:</p>\r\n\r\n			<p>Apakah <em>Knowledge ManagementSystem</em> (KMS) dapat membantu dan berguna dalam mendokumentasikan <em>Knowledge</em> setiap pegawai?</p>\r\n			</td>\r\n			<td style=\"height:29px; width:257px\">\r\n			<p><em>Knowledge Management System</em> sangat bermanfaat dan membantu terutama bagi para pegawai, yang sangat membutuhkan pengetahuan dan pengalaman yang banyak.</p>\r\n\r\n			<p>&nbsp;</p>\r\n\r\n			<p>&nbsp;</p>\r\n			</td>\r\n		</tr>\r\n		<tr>\r\n			<td style=\"height:29px; width:85px\">\r\n			<p>50 menit</p>\r\n			</td>\r\n			<td style=\"height:29px; width:270px\">\r\n			<p>Total waktu yang dialokasikan untuk pertanyaan dan sasaran</p>\r\n			</td>\r\n			<td style=\"height:29px; width:257px\">\r\n			<p>&nbsp;</p>\r\n			</td>\r\n		</tr>\r\n	</tbody>\r\n</table>\r\n\r\n<p>&nbsp;</p>\r\n\r\n<table border=\"1\" cellpadding=\"0\" cellspacing=\"0\" style=\"width:612px\">\r\n	<tbody>\r\n		<tr>\r\n			<td style=\"height:151px; width:149px\">\r\n			<p>Keterangan :</p>\r\n			</td>\r\n			<td style=\"height:151px; width:208px\">\r\n			<p>Yang mewawancarai</p>\r\n\r\n			<p>&nbsp;</p>\r\n\r\n			<p>&nbsp;</p>\r\n\r\n			<p>&nbsp;</p>\r\n\r\n			<p>&nbsp;</p>\r\n\r\n			<p>Dita Indah Sari</p>\r\n			</td>\r\n			<td style=\"height:151px; width:255px\">\r\n			<p>Narasumber</p>\r\n\r\n			<p>&nbsp;</p>\r\n\r\n			<p>&nbsp;</p>\r\n\r\n			<p>&nbsp;</p>\r\n\r\n			<p>&nbsp;</p>\r\n\r\n			<p>Erni Triastuti, S.Kom.,M.Si</p>\r\n			</td>\r\n		</tr>\r\n	</tbody>\r\n</table>\r\n\r\n<p>&nbsp;</p>\r\n\r\n<p>&nbsp;</p>\r\n\r\n<p>&nbsp;</p>\r\n\r\n<p>&nbsp;</p>\r\n\r\n<p>&nbsp;</p>\r\n\r\n<p><strong>NARASUMBER III</strong></p>\r\n\r\n<p>&nbsp;</p>\r\n\r\n<p><strong>Narasumber &nbsp; &nbsp;&nbsp;&nbsp;&nbsp;&nbsp;&nbsp;&nbsp;&nbsp;&nbsp;&nbsp;&nbsp; : Dwi Puji Astuti, S.E</strong></p>\r\n\r\n<p><strong>Jabatan&nbsp;&nbsp;&nbsp;&nbsp;&nbsp;&nbsp;&nbsp;&nbsp;&nbsp;&nbsp;&nbsp;&nbsp;&nbsp;&nbsp;&nbsp;&nbsp;&nbsp;&nbsp;&nbsp;&nbsp;&nbsp; : Pengelola Formasi dan Pengadaan Pegawai</strong></p>\r\n\r\n<p><strong>Pewawancara&nbsp;&nbsp;&nbsp;&nbsp;&nbsp;&nbsp;&nbsp;&nbsp;&nbsp;&nbsp;&nbsp;&nbsp;&nbsp;&nbsp;&nbsp;&nbsp;&nbsp;&nbsp;&nbsp;&nbsp;&nbsp;&nbsp;&nbsp; : Dita Indah Sari</strong></p>\r\n\r\n<p><strong>Tanggal&nbsp;&nbsp;&nbsp;&nbsp;&nbsp;&nbsp; &nbsp;&nbsp;&nbsp;&nbsp;&nbsp;&nbsp;&nbsp;&nbsp;&nbsp;&nbsp;&nbsp;&nbsp;&nbsp;&nbsp; : 20 Maret 2020</strong></p>\r\n\r\n<p><strong>Waktu&nbsp;&nbsp;&nbsp;&nbsp;&nbsp;&nbsp;&nbsp;&nbsp;&nbsp;&nbsp;&nbsp;&nbsp;&nbsp;&nbsp;&nbsp;&nbsp;&nbsp;&nbsp;&nbsp;&nbsp;&nbsp;&nbsp;&nbsp; : Pukul 13:00 WIB</strong></p>\r\n\r\n<p><strong>Tempat&nbsp;&nbsp;&nbsp;&nbsp;&nbsp;&nbsp;&nbsp;&nbsp;&nbsp;&nbsp;&nbsp;&nbsp;&nbsp;&nbsp;&nbsp;&nbsp;&nbsp;&nbsp;&nbsp;&nbsp;&nbsp; : Badan Kepegawaian, Dan Pengembangan Sumber Daya&nbsp; </strong></p>\r\n\r\n<p><strong>&nbsp;&nbsp;&nbsp;&nbsp;&nbsp;&nbsp;&nbsp;&nbsp;&nbsp;&nbsp;&nbsp;&nbsp;&nbsp;&nbsp;&nbsp;&nbsp;&nbsp;&nbsp;&nbsp;&nbsp;&nbsp;&nbsp;&nbsp;&nbsp;&nbsp;&nbsp;&nbsp;&nbsp;&nbsp;&nbsp;&nbsp;&nbsp;&nbsp;&nbsp;&nbsp; &nbsp; Manusia Kabupaten Ogan Komering Ulu</strong></p>\r\n\r\n<p>&nbsp;</p>\r\n\r\n<table border=\"1\" cellpadding=\"0\" cellspacing=\"0\">\r\n	<tbody>\r\n		<tr>\r\n			<td style=\"width:85px\">\r\n			<p><strong>Waktu</strong></p>\r\n			</td>\r\n			<td style=\"width:270px\">\r\n			<p><strong>Sasaran Pertanyaan</strong></p>\r\n			</td>\r\n			<td style=\"width:257px\">\r\n			<p><strong>Respon Narasumber</strong></p>\r\n			</td>\r\n		</tr>\r\n		<tr>\r\n			<td style=\"width:85px\">\r\n			<p>3 menit</p>\r\n			</td>\r\n			<td style=\"width:270px\">\r\n			<p>Sasaran:</p>\r\n\r\n			<p>Pembukaan wawancara</p>\r\n\r\n			<ul>\r\n				<li>Memperkenalkan diri sendiri</li>\r\n				<li>Berterimakasih kepada narasumber karena telah meluangkan waktunya</li>\r\n				<li>Menyatakan tujuan wawancara</li>\r\n			</ul>\r\n			</td>\r\n			<td style=\"width:257px\">\r\n			<p>&nbsp;</p>\r\n\r\n			<p>&nbsp;</p>\r\n\r\n			<p>&nbsp;</p>\r\n\r\n			<p>Diterima</p>\r\n			</td>\r\n		</tr>\r\n		<tr>\r\n			<td style=\"height:191px; width:85px\">\r\n			<p>3 menit</p>\r\n			</td>\r\n			<td style=\"height:191px; width:270px\">\r\n			<p>Pertanyaan 1 :</p>\r\n\r\n			<p>Sudah berapa lama Ibu bekerja di BKPSDM? Dan apa saja pekerjaan Ibu setiap harinya?</p>\r\n			</td>\r\n			<td style=\"height:191px; width:257px\">\r\n			<p>Bekerja sudah 10 tahun, dan pekerjaan setiap harinya yaitu</p>\r\n\r\n			<p>Mengelola obyek kerja dengan cara menyusun program, mengendalikan dan mengkoordinasikan serta memeriksa dan mengevaluasi sesuai prosedur dan ketentuan yang berlaku, agar pelaksanaan pekerjaan di bidang formasi dan pengadaan pegawai dapat berjalan sesuai dengan yang diinginkan.</p>\r\n\r\n			<p>&nbsp;</p>\r\n\r\n			<p>&nbsp;</p>\r\n			</td>\r\n		</tr>\r\n		<tr>\r\n			<td style=\"width:85px\">\r\n			<p>4 menit</p>\r\n			</td>\r\n			<td style=\"width:270px\">\r\n			<p>Pertanyaan 2 :</p>\r\n\r\n			<p>Apakah tugas utama dari Sub Bidang Pengadaan dan Pemberhentian?</p>\r\n			</td>\r\n			<td style=\"width:257px\">\r\n			<ol>\r\n				<li>Membuat program kerja Tahunan di Sub Bidang Pengadaan dan Pemberhentian sebagai pedoman dalam pelaksanaan tugas.</li>\r\n				<li>Membuat atau menyusun usulan kebutuhan formasi Aparatur Sipil Negara (ASN).</li>\r\n				<li>Melaksanakan Pengadaan ASN (PNS dan PPPK) secara professional guna menghasilkan ASN berkualitas.</li>\r\n				<li>Mengusulkan penetapan Nomor Induk Pegawai (NIP) dan Nomor Induk Pegawai Pemerintah dengan Perjanjian Kerja (PPPK).</li>\r\n				<li>Memproses perubahan status CPNS menjadi PNS.</li>\r\n				<li>Memfasilitasi penerbitan Kartu TASPEN.</li>\r\n				<li>Pengangkatan Pegawai Tidak Tetap (PTT) daerah.</li>\r\n				<li>Melaksanakan sumpah/ janji ASN.</li>\r\n			</ol>\r\n\r\n			<p>&nbsp;</p>\r\n			</td>\r\n		</tr>\r\n		<tr>\r\n			<td style=\"width:85px\">\r\n			<p>3 menit</p>\r\n			</td>\r\n			<td style=\"width:270px\">\r\n			<p>Pertanyaan 3 :</p>\r\n\r\n			<p>Apakah telah ada sistem yang menyimpan pengetahuan para karyawan di Sub Bidang Pengadaan dan Pemberhentian terutama pengetahuan para pegawai yang telah ahli? (baik tacit maupun explicit)</p>\r\n			</td>\r\n			<td style=\"width:257px\">\r\n			<p>Sampai saat ini belum ada sistem yang tersedia.</p>\r\n			</td>\r\n		</tr>\r\n		<tr>\r\n			<td style=\"width:85px\">\r\n			<p>3 menit</p>\r\n			</td>\r\n			<td style=\"width:270px\">\r\n			<p>Pertanyaan 4 :</p>\r\n\r\n			<p>Media komunikasi apa saja yang biasa digunakan disini?</p>\r\n			</td>\r\n			<td style=\"width:257px\">\r\n			<p>Media yang biasa digunakan di di Bidang Pengadaan dan Pemberhentian ini yaitu Google Drive untuk berbagi informasi berupa file, atau juga menggunakan media social seperti Whatsapp atau Facebook.</p>\r\n\r\n			<p>&nbsp;</p>\r\n\r\n			<p>&nbsp;</p>\r\n\r\n			<p>&nbsp;</p>\r\n\r\n			<p>&nbsp;</p>\r\n\r\n			<p>&nbsp;</p>\r\n\r\n			<p>&nbsp;</p>\r\n			</td>\r\n		</tr>\r\n		<tr>\r\n			<td style=\"width:85px\">\r\n			<p>3 menit</p>\r\n			</td>\r\n			<td style=\"width:270px\">\r\n			<p>Pertanyaan 5 :</p>\r\n\r\n			<p>Apa kendala yang biasanya terjadi pada pegawai?</p>\r\n\r\n			<p>&nbsp;</p>\r\n\r\n			<p>&nbsp;</p>\r\n\r\n			<p>&nbsp;</p>\r\n\r\n			<p>&nbsp;</p>\r\n			</td>\r\n			<td style=\"width:257px\">\r\n			<p>Karena kita dalam satu bidang ini saling ketergantungan , jadi jika ada salah satu pegawai yang tidak masuk karena alasan apapun, maka yang lain akan kesusahan untuk menggantikan tugas pegawai tersebut.</p>\r\n			</td>\r\n		</tr>\r\n		<tr>\r\n			<td style=\"height:29px; width:85px\">\r\n			<p>3 menit</p>\r\n			</td>\r\n			<td style=\"height:29px; width:270px\">\r\n			<p>Pertanyaan 6 :</p>\r\n\r\n			<p>Solusi apa yang harus diberikan ketika mengatasi permasalahan tersebut?</p>\r\n			</td>\r\n			<td style=\"height:29px; width:257px\">\r\n			<p>Jika terdesak, melakukan panggilan berulang via telepon untuk saling bertanya mengenai pekerjaan.</p>\r\n\r\n			<p>&nbsp;</p>\r\n\r\n			<p>&nbsp;</p>\r\n			</td>\r\n		</tr>\r\n		<tr>\r\n			<td style=\"height:29px; width:85px\">\r\n			<p>3 menit</p>\r\n			</td>\r\n			<td style=\"height:29px; width:270px\">\r\n			<p>Pertanyaan 7 :</p>\r\n\r\n			<p>Ada tidak kegiatan yang mengembangkan potensi pegawai? Misalnya pelatihan yang mengundang pihak ahli.</p>\r\n\r\n			<p>&nbsp;</p>\r\n			</td>\r\n			<td style=\"height:29px; width:257px\">\r\n			<p>Tentunya ada, untuk pelatihan sendiri itu pasti ada setiap tahunnya. Pelatihan yang dilakukan juga menyesuaikan kebutuhan dan kondisi, contohnya&nbsp; Diklat tentang kepegawaian dimana setiap pegawai harus mengikuti pelatihan tersebut untuk menunjang kinerjanya, baik ketika dia ditempatkan di lapangan maupun ruangan</p>\r\n\r\n			<p>&nbsp;</p>\r\n\r\n			<p>&nbsp;</p>\r\n			</td>\r\n		</tr>\r\n		<tr>\r\n			<td style=\"height:133px; width:85px\">\r\n			<p>3 menit</p>\r\n			</td>\r\n			<td style=\"height:133px; width:270px\">\r\n			<p>Pertanyaan 8 :</p>\r\n\r\n			<p>Apakah di Sub Bidang Pengadaan dan Pemberhentian ini sudah menerapkan <em>Knowledge Management</em>?</p>\r\n			</td>\r\n			<td style=\"height:133px; width:257px\">\r\n			<p>Sudah, sesama pegawai sudah menerapkan budaya saling bertukar informasi dan ide-ide untuk menambah wawasan sesama pegawai</p>\r\n\r\n			<p>&nbsp;</p>\r\n			</td>\r\n		</tr>\r\n		<tr>\r\n			<td style=\"height:29px; width:85px\">\r\n			<p>3 menit</p>\r\n			</td>\r\n			<td style=\"height:29px; width:270px\">\r\n			<p>Pertanyaan 9 :</p>\r\n\r\n			<p>Apa yang biasanya menjadi kendala pegawai untuk sulit berbagi <em>knowledge</em> satu sama lain?</p>\r\n\r\n			<p>&nbsp;</p>\r\n			</td>\r\n			<td style=\"height:29px; width:257px\">\r\n			<p>Tidak ada kesulitan, karena bisa bertanya satu sama lain antar pegawai.</p>\r\n\r\n			<p>&nbsp;</p>\r\n\r\n			<p>&nbsp;</p>\r\n\r\n			<p>&nbsp;</p>\r\n\r\n			<p>&nbsp;</p>\r\n			</td>\r\n		</tr>\r\n		<tr>\r\n			<td style=\"height:29px; width:85px\">\r\n			<p>3 menit</p>\r\n			</td>\r\n			<td style=\"height:29px; width:270px\">\r\n			<p>Pertanyaan 10 :</p>\r\n\r\n			<p>Seberapa sering di Sub Bidang Pengadaan dan Pemberhentian ini melakukan evaluasi dan sharing?</p>\r\n			</td>\r\n			<td style=\"height:29px; width:257px\">\r\n			<p>Biasanya untuk evaluasi dan sharing dapat dilakukan sebulan sekali, tetapi jika ada kegiatan besar, maka setelah kegiatan tersebut dapat langsung dievaluasi dan sharing.</p>\r\n\r\n			<p>&nbsp;</p>\r\n			</td>\r\n		</tr>\r\n		<tr>\r\n			<td style=\"height:29px; width:85px\">\r\n			<p>4 menit</p>\r\n			</td>\r\n			<td style=\"height:29px; width:270px\">\r\n			<p>Pertanyaan 11:</p>\r\n\r\n			<p>Biasanya apa saja yang menjadi bahan evaluasi dan sharing di Sub Bidang Pengadaan dan Pemberhentian?</p>\r\n			</td>\r\n			<td style=\"height:29px; width:257px\">\r\n			<p>Tergantung kegiatan yang dilakukan, contoh Seleksi Pengadaan CPNS</p>\r\n\r\n			<p>&nbsp;</p>\r\n\r\n			<p>&nbsp;</p>\r\n			</td>\r\n		</tr>\r\n		<tr>\r\n			<td style=\"height:29px; width:85px\">\r\n			<p>3 menit</p>\r\n			</td>\r\n			<td style=\"height:29px; width:270px\">\r\n			<p>Pertanyaan 12:</p>\r\n\r\n			<p>Pegawai di Sub Bidang Pengadaan dan Pemberhentian biasanya bekerja secara individual atau teamwork? Lalu apakah pekerjaan yang dilakukan sudah sesuai dengan keahlian masing-masing pegawai?</p>\r\n\r\n			<p>&nbsp;</p>\r\n			</td>\r\n			<td style=\"height:29px; width:257px\">\r\n			<p>Dilihat dari kegiatan, jika mengenai pekerjaan masing-masing dilakukan secara individual, namun jika kegiatan besar biasanya dilakukan secara teamwork, dan pekerjaan dilakukan sudah sesuai dengan keahlian masing-masing.</p>\r\n\r\n			<p>&nbsp;</p>\r\n\r\n			<p>&nbsp;</p>\r\n			</td>\r\n		</tr>\r\n		<tr>\r\n			<td style=\"height:29px; width:85px\">\r\n			<p>3 menit</p>\r\n			</td>\r\n			<td style=\"height:29px; width:270px\">\r\n			<p>Pertanyaan 13 :</p>\r\n\r\n			<p>Apakah disini ada perpustakaan untuk menyimpan arsip &ndash; arsip, laporan, karya inovatif? Dan apakah pegawai disini sering melakukan pengetahuan secara ekplisit. Artinya, pengetahuan itu dituang ke dalam media tulisan seperti laporan?</p>\r\n\r\n			<p>&nbsp;</p>\r\n\r\n			<p>&nbsp;</p>\r\n			</td>\r\n			<td style=\"height:29px; width:257px\">\r\n			<p>Untuk saat ini belum ada perpustakaan untuk menyimpan arsip-arsip laporan, dan pengetahuan itu biasanya dituang kedalam media seperti laporan.</p>\r\n\r\n			<p>&nbsp;</p>\r\n			</td>\r\n		</tr>\r\n		<tr>\r\n			<td style=\"height:29px; width:85px\">\r\n			<p>&nbsp;</p>\r\n\r\n			<p>&nbsp;</p>\r\n\r\n			<p>4 menit</p>\r\n			</td>\r\n			<td style=\"height:29px; width:270px\">\r\n			<p>Pertanyaan 14:</p>\r\n\r\n			<p>Apakah <em>Knowledge ManagementSystem</em> (KMS) dapat membantu dan berguna dalam mendokumentasikan <em>Knowledge</em> setiap pegawai?</p>\r\n			</td>\r\n			<td style=\"height:29px; width:257px\">\r\n			<p><em>Knowledge Management System</em> sangat bermanfaat dan membantu terutama bagi para pegawai, yang sangat membutuhkan pengetahuan dan pengalaman yang banyak.</p>\r\n\r\n			<p>&nbsp;</p>\r\n\r\n			<p>&nbsp;</p>\r\n			</td>\r\n		</tr>\r\n		<tr>\r\n			<td style=\"height:29px; width:85px\">\r\n			<p>50 menit</p>\r\n			</td>\r\n			<td style=\"height:29px; width:270px\">\r\n			<p>Total waktu yang dialokasikan untuk pertanyaan dan sasaran</p>\r\n			</td>\r\n			<td style=\"height:29px; width:257px\">\r\n			<p>&nbsp;</p>\r\n			</td>\r\n		</tr>\r\n	</tbody>\r\n</table>\r\n\r\n<p>&nbsp;</p>\r\n\r\n<table border=\"1\" cellpadding=\"0\" cellspacing=\"0\" style=\"width:612px\">\r\n	<tbody>\r\n		<tr>\r\n			<td style=\"height:151px; width:149px\">\r\n			<p>Keterangan :</p>\r\n			</td>\r\n			<td style=\"height:151px; width:208px\">\r\n			<p>Yang mewawancarai</p>\r\n\r\n			<p>&nbsp;</p>\r\n\r\n			<p>&nbsp;</p>\r\n\r\n			<p>&nbsp;</p>\r\n\r\n			<p>&nbsp;</p>\r\n\r\n			<p>Dita Indah Sari</p>\r\n			</td>\r\n			<td style=\"height:151px; width:255px\">\r\n			<p>Narasumber</p>\r\n\r\n			<p>&nbsp;</p>\r\n\r\n			<p>&nbsp;</p>\r\n\r\n			<p>&nbsp;</p>\r\n\r\n			<p>&nbsp;</p>\r\n\r\n			<p>Dwi Puji Astuti, S.E</p>\r\n			</td>\r\n		</tr>\r\n	</tbody>\r\n</table>\r\n\r\n<p>&nbsp;</p>\r\n\r\n<p>&nbsp;</p>\r\n', 2021, 3, 'Tacit', 4, 2, NULL),
(16, 'Penilaian Capaian Kerja', '<table border=\"0\" cellpadding=\"0\" cellspacing=\"0\" style=\"width:1357px\">\r\n	<tbody>\r\n		<tr>\r\n			<td colspan=\"18\">PENILAIAN CAPAIAN SASARAN KERJA</td>\r\n		</tr>\r\n		<tr>\r\n			<td colspan=\"18\">PEGAWAI NEGERI SIPIL</td>\r\n		</tr>\r\n		<tr>\r\n			<td>&nbsp;</td>\r\n			<td>&nbsp;</td>\r\n			<td>&nbsp;</td>\r\n			<td>&nbsp;</td>\r\n			<td>&nbsp;</td>\r\n			<td>&nbsp;</td>\r\n			<td>&nbsp;</td>\r\n			<td>&nbsp;</td>\r\n			<td>&nbsp;</td>\r\n			<td>&nbsp;</td>\r\n			<td>&nbsp;</td>\r\n			<td>&nbsp;</td>\r\n			<td>&nbsp;</td>\r\n			<td>&nbsp;</td>\r\n			<td>&nbsp;</td>\r\n			<td>&nbsp;</td>\r\n			<td>&nbsp;</td>\r\n			<td>&nbsp;</td>\r\n		</tr>\r\n		<tr>\r\n			<td colspan=\"3\">Jangka Waktu Penilaian Bulan 02 Januari 2020 s.d. Bulan 31&nbsp; Desember 2020</td>\r\n			<td>&nbsp;</td>\r\n			<td>&nbsp;</td>\r\n			<td>&nbsp;</td>\r\n			<td>&nbsp;</td>\r\n			<td>&nbsp;</td>\r\n			<td>&nbsp;</td>\r\n			<td>&nbsp;</td>\r\n			<td>&nbsp;</td>\r\n			<td>&nbsp;</td>\r\n			<td>&nbsp;</td>\r\n			<td>&nbsp;</td>\r\n			<td>&nbsp;</td>\r\n			<td>&nbsp;</td>\r\n			<td>&nbsp;</td>\r\n			<td>&nbsp;</td>\r\n		</tr>\r\n		<tr>\r\n			<td rowspan=\"2\">NO</td>\r\n			<td rowspan=\"2\">I. Kegiatan Tugas&nbsp; Jabatan</td>\r\n			<td rowspan=\"2\">AK</td>\r\n			<td colspan=\"6\">TARGET</td>\r\n			<td rowspan=\"2\">AK</td>\r\n			<td colspan=\"6\">REALISASI</td>\r\n			<td rowspan=\"2\">PENGHITUNGAN</td>\r\n			<td rowspan=\"2\">NILAI CAPAIAN SKP</td>\r\n		</tr>\r\n		<tr>\r\n			<td colspan=\"2\">Kuant/Output</td>\r\n			<td>Kual/Mutu</td>\r\n			<td colspan=\"2\">Waktu</td>\r\n			<td>Biaya</td>\r\n			<td colspan=\"2\">Kuant/Output</td>\r\n			<td>Kual/Mutu</td>\r\n			<td colspan=\"2\">Waktu</td>\r\n			<td>Biaya</td>\r\n		</tr>\r\n		<tr>\r\n			<td>1</td>\r\n			<td>2</td>\r\n			<td>3</td>\r\n			<td colspan=\"2\">4</td>\r\n			<td>5</td>\r\n			<td colspan=\"2\">6</td>\r\n			<td>7</td>\r\n			<td>8</td>\r\n			<td colspan=\"2\">9</td>\r\n			<td>10</td>\r\n			<td colspan=\"2\">11</td>\r\n			<td>12</td>\r\n			<td>13</td>\r\n			<td>14</td>\r\n		</tr>\r\n		<tr>\r\n			<td>1</td>\r\n			<td>Menyiapkan bahan pengusulan, penyusunan dan penetapan formasi PNS setiap tahun anggaran dan menyiapkan konsep surat permintaan formasi pegawai</td>\r\n			<td>&nbsp;</td>\r\n			<td>10</td>\r\n			<td>Surat</td>\r\n			<td>100</td>\r\n			<td>12</td>\r\n			<td>Bulan</td>\r\n			<td>-</td>\r\n			<td>&nbsp;</td>\r\n			<td>10</td>\r\n			<td>Surat</td>\r\n			<td>88</td>\r\n			<td>12</td>\r\n			<td>Bulan</td>\r\n			<td>&nbsp;-&nbsp;</td>\r\n			<td>264,00</td>\r\n			<td>88,00</td>\r\n		</tr>\r\n		<tr>\r\n			<td>2</td>\r\n			<td>Menyiapkan bahan formasi berdasarkan dari analisis jabatan, analisis beban kerja dan peta jabatan sebagai bahan pengusulan formasi</td>\r\n			<td>&nbsp;</td>\r\n			<td>10</td>\r\n			<td>Surat</td>\r\n			<td>100</td>\r\n			<td>12</td>\r\n			<td>Bulan</td>\r\n			<td>-</td>\r\n			<td>&nbsp;</td>\r\n			<td>10</td>\r\n			<td>Surat</td>\r\n			<td>87</td>\r\n			<td>12</td>\r\n			<td>Bulan</td>\r\n			<td>&nbsp;-&nbsp;</td>\r\n			<td>263,00</td>\r\n			<td>87,67</td>\r\n		</tr>\r\n		<tr>\r\n			<td>3</td>\r\n			<td>Menghimpun jumlah formasi yang lowong, mengolah dan menganalisas data serta penyajian data hasil usulan formasi dan pengadaan pegawai</td>\r\n			<td>&nbsp;</td>\r\n			<td>14</td>\r\n			<td>Dokumen</td>\r\n			<td>100</td>\r\n			<td>12</td>\r\n			<td>Bulan</td>\r\n			<td>-</td>\r\n			<td>&nbsp;</td>\r\n			<td>14</td>\r\n			<td>Dokumen</td>\r\n			<td>88</td>\r\n			<td>12</td>\r\n			<td>Bulan</td>\r\n			<td>&nbsp;-&nbsp;</td>\r\n			<td>264,00</td>\r\n			<td>88,00</td>\r\n		</tr>\r\n		<tr>\r\n			<td>4</td>\r\n			<td>Menyusun kebutuhan formasi berdasarkan dari analisa kebutuhan pegawai</td>\r\n			<td>&nbsp;</td>\r\n			<td>10</td>\r\n			<td>Dokumen</td>\r\n			<td>100</td>\r\n			<td>12</td>\r\n			<td>Bulan</td>\r\n			<td>-</td>\r\n			<td>&nbsp;</td>\r\n			<td>10</td>\r\n			<td>Dokumen</td>\r\n			<td>89</td>\r\n			<td>12</td>\r\n			<td>Bulan</td>\r\n			<td>&nbsp;-&nbsp;</td>\r\n			<td>265,00</td>\r\n			<td>88,33</td>\r\n		</tr>\r\n		<tr>\r\n			<td>5</td>\r\n			<td>Mengkoordinasi pengumpulan data yang diperlukan dalam penyusunan konsep formasi pegawai</td>\r\n			<td>&nbsp;</td>\r\n			<td>20</td>\r\n			<td>Dokumen</td>\r\n			<td>100</td>\r\n			<td>12</td>\r\n			<td>Bulan</td>\r\n			<td>-</td>\r\n			<td>&nbsp;</td>\r\n			<td>20</td>\r\n			<td>Dokumen</td>\r\n			<td>88</td>\r\n			<td>12</td>\r\n			<td>Bulan</td>\r\n			<td>&nbsp;-&nbsp;</td>\r\n			<td>264,00</td>\r\n			<td>88,00</td>\r\n		</tr>\r\n		<tr>\r\n			<td>6</td>\r\n			<td>Menghimpun berkas dan mengolah data para calon pegawai yang lulus seleksi dari pengadaan PNS</td>\r\n			<td>&nbsp;</td>\r\n			<td>225</td>\r\n			<td>berkas</td>\r\n			<td>100</td>\r\n			<td>12</td>\r\n			<td>Bulan</td>\r\n			<td>-</td>\r\n			<td>&nbsp;</td>\r\n			<td>225</td>\r\n			<td>berkas</td>\r\n			<td>86</td>\r\n			<td>12</td>\r\n			<td>Bulan</td>\r\n			<td>&nbsp;-&nbsp;</td>\r\n			<td>262,00</td>\r\n			<td>87,33</td>\r\n		</tr>\r\n		<tr>\r\n			<td>&nbsp;</td>\r\n			<td>II. TUGAS TAMBAHAN DAN KREATIVITAS/UNSUR PENUNJANG :</td>\r\n			<td>&nbsp;</td>\r\n			<td colspan=\"6\">&nbsp;</td>\r\n			<td>&nbsp;</td>\r\n			<td colspan=\"6\">&nbsp;</td>\r\n			<td>&nbsp;</td>\r\n			<td>&nbsp;</td>\r\n		</tr>\r\n		<tr>\r\n			<td>1</td>\r\n			<td>(tugas tambahan)</td>\r\n			<td>&nbsp;</td>\r\n			<td colspan=\"6\">&nbsp;</td>\r\n			<td>&nbsp;</td>\r\n			<td colspan=\"6\">&nbsp;</td>\r\n			<td>&nbsp;</td>\r\n			<td>&nbsp;</td>\r\n		</tr>\r\n		<tr>\r\n			<td>2</td>\r\n			<td>(kreatifitas)</td>\r\n			<td>&nbsp;</td>\r\n			<td colspan=\"6\">&nbsp;</td>\r\n			<td>&nbsp;</td>\r\n			<td colspan=\"6\">&nbsp;</td>\r\n			<td>&nbsp;</td>\r\n			<td>&nbsp;</td>\r\n		</tr>\r\n		<tr>\r\n			<td colspan=\"17\" rowspan=\"2\">Nilai Capaian SKP</td>\r\n			<td>&nbsp;&nbsp;&nbsp;&nbsp;&nbsp;&nbsp;&nbsp;&nbsp;&nbsp;&nbsp;&nbsp;&nbsp;&nbsp;&nbsp; 87,89</td>\r\n		</tr>\r\n		<tr>\r\n			<td>(Baik)</td>\r\n		</tr>\r\n		<tr>\r\n			<td>&nbsp;</td>\r\n			<td>&nbsp;</td>\r\n			<td>&nbsp;</td>\r\n			<td>&nbsp;</td>\r\n			<td>&nbsp;</td>\r\n			<td>&nbsp;</td>\r\n			<td>&nbsp;</td>\r\n			<td>&nbsp;</td>\r\n			<td>&nbsp;</td>\r\n			<td>&nbsp;</td>\r\n			<td>&nbsp;</td>\r\n			<td>&nbsp;</td>\r\n			<td>&nbsp;</td>\r\n			<td>&nbsp;</td>\r\n			<td>&nbsp;</td>\r\n			<td>&nbsp;</td>\r\n			<td>&nbsp;</td>\r\n			<td>&nbsp;</td>\r\n		</tr>\r\n		<tr>\r\n			<td>&nbsp;</td>\r\n			<td>&nbsp;</td>\r\n			<td>&nbsp;</td>\r\n			<td>&nbsp;</td>\r\n			<td>&nbsp;</td>\r\n			<td>&nbsp;</td>\r\n			<td>&nbsp;</td>\r\n			<td>&nbsp;</td>\r\n			<td>&nbsp;</td>\r\n			<td>&nbsp;</td>\r\n			<td>&nbsp;</td>\r\n			<td>&nbsp;</td>\r\n			<td colspan=\"6\">Baturaja,&nbsp;&nbsp;&nbsp;&nbsp; Desember&nbsp; 2020</td>\r\n		</tr>\r\n		<tr>\r\n			<td>&nbsp;</td>\r\n			<td>&nbsp;</td>\r\n			<td>&nbsp;</td>\r\n			<td>&nbsp;</td>\r\n			<td>&nbsp;</td>\r\n			<td>&nbsp;</td>\r\n			<td>&nbsp;</td>\r\n			<td>&nbsp;</td>\r\n			<td>&nbsp;</td>\r\n			<td>&nbsp;</td>\r\n			<td>&nbsp;</td>\r\n			<td>&nbsp;</td>\r\n			<td colspan=\"6\">Pejabat Penilai,</td>\r\n		</tr>\r\n		<tr>\r\n			<td>&nbsp;</td>\r\n			<td>&nbsp;</td>\r\n			<td>&nbsp;</td>\r\n			<td>&nbsp;</td>\r\n			<td>&nbsp;</td>\r\n			<td>&nbsp;</td>\r\n			<td>&nbsp;</td>\r\n			<td>&nbsp;</td>\r\n			<td>&nbsp;</td>\r\n			<td>&nbsp;</td>\r\n			<td>&nbsp;</td>\r\n			<td>&nbsp;</td>\r\n			<td>&nbsp;</td>\r\n			<td>&nbsp;</td>\r\n			<td>&nbsp;</td>\r\n			<td>&nbsp;</td>\r\n			<td>&nbsp;</td>\r\n			<td>&nbsp;</td>\r\n		</tr>\r\n		<tr>\r\n			<td>&nbsp;</td>\r\n			<td>&nbsp;</td>\r\n			<td>&nbsp;</td>\r\n			<td>&nbsp;</td>\r\n			<td>&nbsp;</td>\r\n			<td>&nbsp;</td>\r\n			<td>&nbsp;</td>\r\n			<td>&nbsp;</td>\r\n			<td>&nbsp;</td>\r\n			<td>&nbsp;</td>\r\n			<td>&nbsp;</td>\r\n			<td>&nbsp;</td>\r\n			<td>&nbsp;</td>\r\n			<td>&nbsp;</td>\r\n			<td>&nbsp;</td>\r\n			<td>&nbsp;</td>\r\n			<td>&nbsp;</td>\r\n			<td>&nbsp;</td>\r\n		</tr>\r\n		<tr>\r\n			<td>&nbsp;</td>\r\n			<td>&nbsp;</td>\r\n			<td>&nbsp;</td>\r\n			<td>&nbsp;</td>\r\n			<td>&nbsp;</td>\r\n			<td>&nbsp;</td>\r\n			<td>&nbsp;</td>\r\n			<td>&nbsp;</td>\r\n			<td>&nbsp;</td>\r\n			<td>&nbsp;</td>\r\n			<td>&nbsp;</td>\r\n			<td>&nbsp;</td>\r\n			<td>&nbsp;</td>\r\n			<td>&nbsp;</td>\r\n			<td>&nbsp;</td>\r\n			<td>&nbsp;</td>\r\n			<td>&nbsp;</td>\r\n			<td>&nbsp;</td>\r\n		</tr>\r\n		<tr>\r\n			<td>&nbsp;</td>\r\n			<td>&nbsp;</td>\r\n			<td>&nbsp;</td>\r\n			<td>&nbsp;</td>\r\n			<td>&nbsp;</td>\r\n			<td>&nbsp;</td>\r\n			<td>&nbsp;</td>\r\n			<td>&nbsp;</td>\r\n			<td>&nbsp;</td>\r\n			<td>&nbsp;</td>\r\n			<td>&nbsp;</td>\r\n			<td>&nbsp;</td>\r\n			<td colspan=\"6\">YOSEP EKO PRAYITNO, S.Pd</td>\r\n		</tr>\r\n		<tr>\r\n			<td>&nbsp;</td>\r\n			<td>&nbsp;</td>\r\n			<td>&nbsp;</td>\r\n			<td>&nbsp;</td>\r\n			<td>&nbsp;</td>\r\n			<td>&nbsp;</td>\r\n			<td>&nbsp;</td>\r\n			<td>&nbsp;</td>\r\n			<td>&nbsp;</td>\r\n			<td>&nbsp;</td>\r\n			<td>&nbsp;</td>\r\n			<td>&nbsp;</td>\r\n			<td colspan=\"6\">NIP. 198605052006041003</td>\r\n		</tr>\r\n	</tbody>\r\n</table>\r\n', 2021, 3, 'Tacit', 4, 3, 'Kurang rapi, tolong dirapikan kembali');
INSERT INTO `pengetahuan` (`id_pengetahuan`, `judul`, `pengetahuan`, `tgl_pembuatan`, `id_pegawai`, `jenis`, `id_kategori`, `status`, `keterangan`) VALUES
(17, 'Laporan Catatan Penilaian Perilaku Kerja PNS', '<p><strong>BUKU CATATAN PENILAIAN PERILAKU KERJA PNS</strong></p>\r\n\r\n<p>&nbsp;</p>\r\n\r\n<p>&nbsp;</p>\r\n\r\n<p><strong>Nama&nbsp;&nbsp;&nbsp;&nbsp;&nbsp;&nbsp;&nbsp;&nbsp;&nbsp;&nbsp;&nbsp;&nbsp;&nbsp; : Dwi Puji Astuti, S.E</strong></p>\r\n\r\n<p><strong>NIP&nbsp;&nbsp;&nbsp;&nbsp;&nbsp;&nbsp;&nbsp;&nbsp;&nbsp;&nbsp;&nbsp;&nbsp;&nbsp;&nbsp;&nbsp;&nbsp; : 196401261989031002</strong></p>\r\n\r\n<p><strong>Jabatan&nbsp;&nbsp;&nbsp;&nbsp;&nbsp;&nbsp;&nbsp;&nbsp;&nbsp; : Pengelola Formasi dan Pengadaan Pegawai</strong></p>\r\n\r\n<p><strong>Instansi/OPD : B</strong><strong>KPSDM</strong><strong> Kabupaten OKU</strong></p>\r\n\r\n<p>&nbsp;</p>\r\n\r\n<p>&nbsp;</p>\r\n\r\n<table border=\"1\" cellpadding=\"0\" cellspacing=\"0\" style=\"width:729px\">\r\n	<tbody>\r\n		<tr>\r\n			<td style=\"height:4px; width:69px\">\r\n			<p><strong>No</strong></p>\r\n			</td>\r\n			<td style=\"height:4px; width:142px\">\r\n			<p><strong>Tanggal</strong></p>\r\n			</td>\r\n			<td style=\"height:4px; width:386px\">\r\n			<p><strong>Uraian</strong></p>\r\n			</td>\r\n			<td style=\"height:4px; width:132px\">\r\n			<p><strong>Nama/NIP Dan Paraf Pejabat Penilai</strong></p>\r\n			</td>\r\n		</tr>\r\n		<tr>\r\n			<td style=\"height:5px; width:69px\">\r\n			<p><strong>1</strong></p>\r\n			</td>\r\n			<td style=\"height:5px; width:142px\">\r\n			<p><strong>10 </strong><strong>Januari 2021</strong></p>\r\n			</td>\r\n			<td style=\"height:5px; width:386px\">\r\n			<p><strong>Sedikit kurang komunikasi dengan pegawai lain yang menyebabkan salah informasi</strong></p>\r\n			</td>\r\n			<td style=\"height:5px; width:132px\">\r\n			<p><strong>Yosep Eko Prayitno, S.Pd</strong></p>\r\n\r\n			<p>&nbsp;</p>\r\n			</td>\r\n		</tr>\r\n		<tr>\r\n			<td style=\"height:4px; width:69px\">\r\n			<p>&nbsp;</p>\r\n\r\n			<p>&nbsp;</p>\r\n\r\n			<p><strong>2</strong></p>\r\n			</td>\r\n			<td style=\"height:4px; width:142px\">\r\n			<p><strong>05 Februari 2021</strong></p>\r\n			</td>\r\n			<td style=\"height:4px; width:386px\">\r\n			<p><strong>Tidak mengikuti apel pagi</strong></p>\r\n			</td>\r\n			<td style=\"height:4px; width:132px\">\r\n			<p><strong>Yosep Eko Prayitno, S.Pd</strong></p>\r\n\r\n			<p>&nbsp;</p>\r\n			</td>\r\n		</tr>\r\n		<tr>\r\n			<td style=\"height:4px; width:69px\">\r\n			<p>&nbsp;</p>\r\n\r\n			<p><strong>3</strong></p>\r\n\r\n			<p>&nbsp;</p>\r\n			</td>\r\n			<td style=\"height:4px; width:142px\">\r\n			<p><strong>25 Maret 2021</strong></p>\r\n			</td>\r\n			<td style=\"height:4px; width:386px\">\r\n			<p><strong>Keterlambatan Surat Cuti</strong></p>\r\n			</td>\r\n			<td style=\"height:4px; width:132px\">\r\n			<p><strong>Yosep Eko Prayitno, S.Pd</strong></p>\r\n\r\n			<p>&nbsp;</p>\r\n			</td>\r\n		</tr>\r\n		<tr>\r\n			<td style=\"height:5px; width:69px\">\r\n			<p>&nbsp;</p>\r\n\r\n			<p>&nbsp;</p>\r\n\r\n			<p><strong>4</strong></p>\r\n\r\n			<p>&nbsp;</p>\r\n			</td>\r\n			<td style=\"height:5px; width:142px\">\r\n			<p>10 April 2021</p>\r\n			</td>\r\n			<td style=\"height:5px; width:386px\">\r\n			<p><strong>Tidak ada kabar tidak masuk</strong></p>\r\n			</td>\r\n			<td style=\"height:5px; width:132px\">\r\n			<p><strong>Yosep Eko Prayitno, S.Pd</strong></p>\r\n\r\n			<p>&nbsp;</p>\r\n			</td>\r\n		</tr>\r\n	</tbody>\r\n</table>\r\n\r\n<p>&nbsp;</p>\r\n\r\n<p><strong>MENGETAHUI,</strong></p>\r\n\r\n<p><strong>KEPALA BIDANG PENELITIAN DAN PENGEMBANGAN.</strong></p>\r\n\r\n<p>&nbsp;</p>\r\n\r\n<p>&nbsp;</p>\r\n\r\n<p>&nbsp;</p>\r\n\r\n<p>&nbsp;</p>\r\n\r\n<p><strong>H. Yuni Marzah, ST., MM</strong></p>\r\n\r\n<p><strong>Pembina Tk. I</strong></p>\r\n\r\n<p><strong>NIP. 196406021989031000</strong></p>\r\n', 2021, 3, 'Tacit', 4, 2, NULL),
(18, 'Penegakan Displin PNS', '<p><strong><em>Penegakan Disiplin Terhadap PNS yang Melanggar Kewajiban Masuk Kerja dan Menaati Ketentuan Jam Kerja</em></strong></p>\r\n\r\n<p>Berdasarkan pasal 49 Undang-Undang Nomor 5 Tahun 2014 tentang Aparatur Sipil Negara ditentukan BKN berwenang mengawasi dan mengendalikan pelaksanaan norma, standar, prosedur, dan kriteria Manajemen ASN, sehubungan dengan hal tersebut dalam rangka penegakan disiplin terhadap PNS yang melanggar kewajiban masuk kerja dan menaati ketentuan jam kerja, bersama ini kami sampaikan hal-hal sebagai berikut :</p>\r\n\r\n<ol>\r\n	<li>Berdasarkan ketentuan peraturan perundang-undangan :</li>\r\n</ol>\r\n\r\n<ol>\r\n	<li>Undang-Undang Nomor 5 Tahun 2014 tentang Aparatur Sipil Negara;</li>\r\n	<li>Peraturan Pemerintah Nomor 11 Tahun 2017 tentang Manjemen Pegawai Negeri Sipil;</li>\r\n	<li>Peraturan Pemerintah Nomor 53 Tahun 2010 tentang Disiplin PNS;</li>\r\n	<li>Peraturan Kepala BKN Nomor 21 Tahun 2010 tentang Ketentuan Pelaksanaan Peraturan Pemerintah Nomor 53 Tahun 2010 tentang Disiplin PNS.</li>\r\n</ol>\r\n\r\n<p>Berkenaan dengan hal tersebut maka:</p>\r\n\r\n<ol>\r\n	<li>Instansi pemerintah wajib melaksanakan penegakan disiplin terhadap PNS serta melaksanakan berbagai upaya peningkatan displin PNS;</li>\r\n	<li>Setiap PNS wajib masuk kerja dan menaati ketentuan jam kerja. Apabila terdapat PNS yang diduga melakukan pelanggaran disiplin, setiap atasan langsung wajib memeriksa terlebih dahulu PNS yang diduga melakukan pelanggaran disiplin;</li>\r\n	<li>Pejabat Pembina Kepegawaian, Pejabat Yang Berwenang menghukum wajib menjatuhkan hukuman disiplin terhadap PNS yang terbukti melakukan pelanggaran disiplin. Tingkat dan jenis hukuman disiplin yang dijatuhkan tidak harus secara berjenjang;</li>\r\n	<li>Apabila Pejabat yang berwenang menghukum tidak menjatuhkan hukuman disiplin kepada PNS yang melakukan pelanggaran disiplin, pejabat tersebut dijatuhi hukman disiplin oleh atasannya. Ketentuan penjatuhan hukuman disiplin oleh atasan kepada pejabat yang seharusnya menghukum, berlaku juga bagi atasan dari atasan secara berjenjang;</li>\r\n	<li>Jenis hukuman disiplin yang dijatuhkan kepada atasan yang tidak menjatuhkan hukuman disiplin kepada PNS yang melakukan pelanggaran disiplin, sama dengan jenis hukuman yang seharusnya dijatuhkan kepada PNS yang melakukan pelanggaran disiplin;</li>\r\n	<li>Hukuman disiplin berat berupa pemberhentian dengan hormat tidak atas permintaan sendiri sebagai PNS dijatuhkan bagi pelanggaran terhadap kewajiban masuk kerja dan menaati ketentuan jam kerja tanpa alasan yang sah selama 46 (empat enam) hari kerja atau lebih.</li>\r\n	<li>Sehubungan dengan hal tersebut dan dalam rangka pelaksanaan Pasal 127 Undang-Undang Nomor 5 Tahun 2014 tentang Aparatur Sipil Negara maka setiap keputusan Pejabat Pembina Kepegawaian, Pejabat yang berwenang menghukum dalam rangka pelaksanaan norma, standar, prosedur, dan kriteria Manajemen ASN agar dilaporkan kepada Badan Kepegawaian Negara.</li>\r\n</ol>\r\n\r\n<p>&nbsp;</p>\r\n\r\n<p>&nbsp;&nbsp;&nbsp;&nbsp;&nbsp;&nbsp;&nbsp;&nbsp;&nbsp;&nbsp;&nbsp; Demikian disampaikan untuk pelaksanaan sebagaimana mestinya.</p>\r\n', 2021, 3, 'Tacit', 5, 2, NULL),
(19, 'Penilaian Capaian Sasaran Kerja PNS', '<p>Periode &nbsp;02 &nbsp;januari s.d. &nbsp;31 &nbsp;Desember 2020</p>\r\n\r\n<p>&nbsp;</p>\r\n\r\n<p>FORMULIR SASARAN KERJA PEGAWAI NEGERI SIPIL</p>\r\n\r\n<p>&nbsp;</p>\r\n\r\n<table border=\"0\" cellpadding=\"0\" cellspacing=\"0\">\r\n	<tbody>\r\n		<tr>\r\n			<td style=\"height:20px; width:45px\">\r\n			<p><strong>NO</strong></p>\r\n			</td>\r\n			<td style=\"height:20px; width:525px\">\r\n			<p><strong>I. PEJABAT PENILAI</strong></p>\r\n			</td>\r\n			<td style=\"height:20px; width:45px\">\r\n			<p><strong>NO</strong></p>\r\n			</td>\r\n			<td colspan=\"7\" style=\"height:20px; width:506px\">\r\n			<p><strong>II. PEGAWAI NEGERI SIPIL YANG DINILAI</strong></p>\r\n			</td>\r\n		</tr>\r\n		<tr>\r\n			<td style=\"height:20px; width:45px\">\r\n			<p>1</p>\r\n			</td>\r\n			<td style=\"height:20px; width:525px\">\r\n			<p>Nama&nbsp;&nbsp;&nbsp;&nbsp;&nbsp;&nbsp;&nbsp;&nbsp;&nbsp;&nbsp;&nbsp;&nbsp;&nbsp;&nbsp;&nbsp;&nbsp;&nbsp;&nbsp;&nbsp;&nbsp;&nbsp;&nbsp;&nbsp;&nbsp;&nbsp;&nbsp;&nbsp;&nbsp;&nbsp;&nbsp;&nbsp;&nbsp; : &nbsp;Yosep&nbsp;Eko Prayitno, S.Pd</p>\r\n			</td>\r\n			<td style=\"height:20px; width:45px\">\r\n			<p>1</p>\r\n			</td>\r\n			<td colspan=\"2\" style=\"height:20px; width:113px\">\r\n			<p>Nama</p>\r\n			</td>\r\n			<td colspan=\"5\" style=\"height:20px; width:393px\">\r\n			<p>: &nbsp;Dwi Puji Astuti , SE</p>\r\n			</td>\r\n		</tr>\r\n		<tr>\r\n			<td style=\"height:20px; width:45px\">\r\n			<p>2</p>\r\n			</td>\r\n			<td style=\"height:20px; width:525px\">\r\n			<p>NIP&nbsp;&nbsp;&nbsp;&nbsp;&nbsp;&nbsp;&nbsp;&nbsp;&nbsp;&nbsp;&nbsp;&nbsp;&nbsp;&nbsp;&nbsp;&nbsp;&nbsp;&nbsp;&nbsp;&nbsp;&nbsp;&nbsp;&nbsp;&nbsp;&nbsp;&nbsp;&nbsp;&nbsp;&nbsp;&nbsp;&nbsp;&nbsp;&nbsp;&nbsp;&nbsp; : &nbsp;198605052006041003</p>\r\n			</td>\r\n			<td style=\"height:20px; width:45px\">\r\n			<p>2</p>\r\n			</td>\r\n			<td colspan=\"2\" style=\"height:20px; width:113px\">\r\n			<p>NIP</p>\r\n			</td>\r\n			<td colspan=\"5\" style=\"height:20px; width:393px\">\r\n			<p>: &nbsp;197508012010012005</p>\r\n			</td>\r\n		</tr>\r\n		<tr>\r\n			<td style=\"height:20px; width:45px\">\r\n			<p>3</p>\r\n			</td>\r\n			<td style=\"height:20px; width:525px\">\r\n			<p>Pangkat/Gol.Ruang&nbsp;&nbsp;&nbsp;&nbsp;&nbsp;&nbsp;&nbsp;&nbsp;&nbsp;&nbsp;&nbsp;&nbsp;&nbsp;&nbsp; : &nbsp;Penata&nbsp;(III/c)</p>\r\n			</td>\r\n			<td style=\"height:20px; width:45px\">\r\n			<p>3</p>\r\n			</td>\r\n			<td colspan=\"2\" style=\"height:20px; width:113px\">\r\n			<p>Pangkat/Gol.Ruang</p>\r\n			</td>\r\n			<td colspan=\"5\" style=\"height:20px; width:393px\">\r\n			<p>: &nbsp;Penata&nbsp;Muda Tk. I (III.b)</p>\r\n			</td>\r\n		</tr>\r\n		<tr>\r\n			<td style=\"height:20px; width:45px\">\r\n			<p>4</p>\r\n			</td>\r\n			<td style=\"height:20px; width:525px\">\r\n			<p>Jabatan&nbsp;&nbsp;&nbsp;&nbsp;&nbsp;&nbsp;&nbsp;&nbsp;&nbsp;&nbsp;&nbsp;&nbsp;&nbsp;&nbsp;&nbsp;&nbsp;&nbsp;&nbsp;&nbsp;&nbsp;&nbsp;&nbsp;&nbsp;&nbsp;&nbsp;&nbsp;&nbsp; : &nbsp;Kasubbid Pengadaan&nbsp;dan&nbsp;Pemberhentian</p>\r\n			</td>\r\n			<td style=\"height:20px; width:45px\">\r\n			<p>4</p>\r\n			</td>\r\n			<td colspan=\"2\" style=\"height:20px; width:113px\">\r\n			<p>Jabatan</p>\r\n			</td>\r\n			<td colspan=\"5\" style=\"height:20px; width:393px\">\r\n			<p>: &nbsp;Pengelola&nbsp;Formasi&nbsp;dan&nbsp;Pengadaan&nbsp;Pegawai</p>\r\n			</td>\r\n		</tr>\r\n		<tr>\r\n			<td style=\"height:19px; width:45px\">\r\n			<p>5</p>\r\n			</td>\r\n			<td style=\"height:19px; width:525px\">\r\n			<p>Unit Kerja&nbsp;&nbsp;&nbsp;&nbsp;&nbsp;&nbsp;&nbsp;&nbsp;&nbsp;&nbsp;&nbsp;&nbsp;&nbsp;&nbsp;&nbsp;&nbsp;&nbsp;&nbsp;&nbsp;&nbsp;&nbsp;&nbsp;&nbsp;&nbsp; : &nbsp;Badan&nbsp;Kepegawaian, dan&nbsp;Pengembangan&nbsp;Sumber&nbsp;Daya&nbsp;Manusia&nbsp;Kab.&nbsp;OKU</p>\r\n			</td>\r\n			<td style=\"height:19px; width:45px\">\r\n			<p>5</p>\r\n			</td>\r\n			<td colspan=\"2\" style=\"height:19px; width:113px\">\r\n			<p>Unit Kerja</p>\r\n			</td>\r\n			<td colspan=\"5\" style=\"height:19px; width:393px\">\r\n			<p>: &nbsp;Badan&nbsp;Kepegawaian,&nbsp;dan&nbsp;Pengembangan&nbsp;Sumber&nbsp;Daya&nbsp;Manusia&nbsp;Kab.&nbsp;OKU</p>\r\n			</td>\r\n		</tr>\r\n		<tr>\r\n			<td rowspan=\"2\" style=\"height:20px; width:45px\">\r\n			<p><strong>NO</strong></p>\r\n			</td>\r\n			<td rowspan=\"2\" style=\"height:20px; width:525px\">\r\n			<p><strong>III. KEGIATAN TUGAS JABATAN</strong></p>\r\n			</td>\r\n			<td rowspan=\"2\" style=\"height:20px; width:45px\">\r\n			<p><strong>AK</strong></p>\r\n			</td>\r\n			<td colspan=\"7\" style=\"height:20px; width:506px\">\r\n			<p><strong>TARGET</strong></p>\r\n			</td>\r\n		</tr>\r\n		<tr>\r\n			<td colspan=\"3\" style=\"height:20px; width:134px\">\r\n			<p><strong>KUANT/OUTPUT</strong></p>\r\n			</td>\r\n			<td style=\"height:20px; width:71px\">\r\n			<p><strong>KUAL/MUT</strong></p>\r\n			</td>\r\n			<td colspan=\"2\" style=\"height:20px; width:93px\">\r\n			<p><strong>WAKTU</strong></p>\r\n			</td>\r\n			<td style=\"height:20px; width:207px\">\r\n			<p><strong>BIAYA</strong></p>\r\n			</td>\r\n		</tr>\r\n		<tr>\r\n			<td style=\"height:36px; width:45px\">\r\n			<p>1</p>\r\n			</td>\r\n			<td style=\"height:36px; width:525px\">\r\n			<p>Menyiapkan bahan pengusulan, penyusunan dan penetapan formasi PNS setiap tahun anggaran dan menyiapkan konsep surat permintaan formasi pegawai</p>\r\n			</td>\r\n			<td style=\"height:36px; width:45px\">\r\n			<p>&nbsp;</p>\r\n			</td>\r\n			<td style=\"height:36px; width:40px\">\r\n			<p>10</p>\r\n			</td>\r\n			<td colspan=\"2\" style=\"height:36px; width:94px\">\r\n			<p>Surat</p>\r\n			</td>\r\n			<td style=\"height:36px; width:71px\">\r\n			<p>100</p>\r\n			</td>\r\n			<td style=\"height:36px; width:41px\">\r\n			<p>12</p>\r\n			</td>\r\n			<td style=\"height:36px; width:52px\">\r\n			<p>Bulan</p>\r\n			</td>\r\n			<td style=\"height:36px; width:207px\">\r\n			<p>-</p>\r\n			</td>\r\n		</tr>\r\n		<tr>\r\n			<td style=\"height:48px; width:45px\">\r\n			<p>&nbsp;</p>\r\n\r\n			<p>2</p>\r\n			</td>\r\n			<td style=\"height:48px; width:525px\">\r\n			<p>Menyiapkan bahan formasi berdasarkan dari analisis jabatan, analisis beban kerja dan peta jabatan sebagai bahan pengusulan formasi</p>\r\n			</td>\r\n			<td style=\"height:48px; width:45px\">\r\n			<p>&nbsp;</p>\r\n			</td>\r\n			<td style=\"height:48px; width:40px\">\r\n			<p>&nbsp;</p>\r\n\r\n			<p>10</p>\r\n			</td>\r\n			<td colspan=\"2\" style=\"height:48px; width:94px\">\r\n			<p>&nbsp;</p>\r\n\r\n			<p>Surat</p>\r\n			</td>\r\n			<td style=\"height:48px; width:71px\">\r\n			<p>&nbsp;</p>\r\n\r\n			<p>100</p>\r\n			</td>\r\n			<td style=\"height:48px; width:41px\">\r\n			<p>&nbsp;</p>\r\n\r\n			<p>12</p>\r\n			</td>\r\n			<td style=\"height:48px; width:52px\">\r\n			<p>&nbsp;</p>\r\n\r\n			<p>Bulan</p>\r\n			</td>\r\n			<td style=\"height:48px; width:207px\">\r\n			<p>&nbsp;</p>\r\n\r\n			<p>-</p>\r\n			</td>\r\n		</tr>\r\n		<tr>\r\n			<td style=\"height:38px; width:45px\">\r\n			<p>3</p>\r\n			</td>\r\n			<td style=\"height:38px; width:525px\">\r\n			<p>Menghimpun jumlah formasi yang lowong, mengolah dan menganalisas data serta penyajian data hasil usulan formasi dan pengadaan pegawai</p>\r\n			</td>\r\n			<td style=\"height:38px; width:45px\">\r\n			<p>&nbsp;</p>\r\n			</td>\r\n			<td style=\"height:38px; width:40px\">\r\n			<p>14</p>\r\n			</td>\r\n			<td colspan=\"2\" style=\"height:38px; width:94px\">\r\n			<p>Dokumen</p>\r\n			</td>\r\n			<td style=\"height:38px; width:71px\">\r\n			<p>100</p>\r\n			</td>\r\n			<td style=\"height:38px; width:41px\">\r\n			<p>12</p>\r\n			</td>\r\n			<td style=\"height:38px; width:52px\">\r\n			<p>Bulan</p>\r\n			</td>\r\n			<td style=\"height:38px; width:207px\">\r\n			<p>-</p>\r\n			</td>\r\n		</tr>\r\n		<tr>\r\n			<td style=\"height:27px; width:45px\">\r\n			<p>4</p>\r\n			</td>\r\n			<td style=\"height:27px; width:525px\">\r\n			<p>Menyusun kebutuhan formasi berdasarkan dari analisa kebutuhan pegawai</p>\r\n			</td>\r\n			<td style=\"height:27px; width:45px\">\r\n			<p>&nbsp;</p>\r\n			</td>\r\n			<td style=\"height:27px; width:40px\">\r\n			<p>10</p>\r\n			</td>\r\n			<td colspan=\"2\" style=\"height:27px; width:94px\">\r\n			<p>Dokumen</p>\r\n			</td>\r\n			<td style=\"height:27px; width:71px\">\r\n			<p>100</p>\r\n			</td>\r\n			<td style=\"height:27px; width:41px\">\r\n			<p>12</p>\r\n			</td>\r\n			<td style=\"height:27px; width:52px\">\r\n			<p>Bulan</p>\r\n			</td>\r\n			<td style=\"height:27px; width:207px\">\r\n			<p>-</p>\r\n			</td>\r\n		</tr>\r\n		<tr>\r\n			<td style=\"height:35px; width:45px\">\r\n			<p>5</p>\r\n			</td>\r\n			<td style=\"height:35px; width:525px\">\r\n			<p>Mengkoordinasi pengumpulan data yang diperlukan dalam penyusunan konsep formasi pegawai</p>\r\n			</td>\r\n			<td style=\"height:35px; width:45px\">\r\n			<p>&nbsp;</p>\r\n			</td>\r\n			<td style=\"height:35px; width:40px\">\r\n			<p>20</p>\r\n			</td>\r\n			<td colspan=\"2\" style=\"height:35px; width:94px\">\r\n			<p>Dokumen</p>\r\n			</td>\r\n			<td style=\"height:35px; width:71px\">\r\n			<p>100</p>\r\n			</td>\r\n			<td style=\"height:35px; width:41px\">\r\n			<p>12</p>\r\n			</td>\r\n			<td style=\"height:35px; width:52px\">\r\n			<p>Bulan</p>\r\n			</td>\r\n			<td style=\"height:35px; width:207px\">\r\n			<p>-</p>\r\n			</td>\r\n		</tr>\r\n		<tr>\r\n			<td style=\"height:38px; width:45px\">\r\n			<p>6</p>\r\n			</td>\r\n			<td style=\"height:38px; width:525px\">\r\n			<p>Menghimpun berkas dan mengolah data para calon pegawai yang lulus seleksi dari pengadaan PNS</p>\r\n			</td>\r\n			<td style=\"height:38px; width:45px\">\r\n			<p>&nbsp;</p>\r\n			</td>\r\n			<td style=\"height:38px; width:40px\">\r\n			<p>225</p>\r\n			</td>\r\n			<td colspan=\"2\" style=\"height:38px; width:94px\">\r\n			<p>berkas</p>\r\n			</td>\r\n			<td style=\"height:38px; width:71px\">\r\n			<p>100</p>\r\n			</td>\r\n			<td style=\"height:38px; width:41px\">\r\n			<p>12</p>\r\n			</td>\r\n			<td style=\"height:38px; width:52px\">\r\n			<p>Bulan</p>\r\n			</td>\r\n			<td style=\"height:38px; width:207px\">\r\n			<p>-</p>\r\n			</td>\r\n		</tr>\r\n		<tr>\r\n			<td>&nbsp;</td>\r\n			<td>&nbsp;</td>\r\n			<td>&nbsp;</td>\r\n			<td>&nbsp;</td>\r\n			<td>&nbsp;</td>\r\n			<td>&nbsp;</td>\r\n			<td>&nbsp;</td>\r\n			<td>&nbsp;</td>\r\n			<td>&nbsp;</td>\r\n			<td>&nbsp;</td>\r\n		</tr>\r\n	</tbody>\r\n</table>\r\n\r\n<p>&nbsp;\r\n<p>&nbsp;</p>\r\n</p>\r\n\r\n<h1>PENILAIAN PERILAKU KERJA PEGAWAI NEGERI SIPIL</h1>\r\n\r\n<p>&nbsp;</p>\r\n\r\n<p>&nbsp;</p>\r\n\r\n<p><strong>Nama</strong>&nbsp;&nbsp;&nbsp;&nbsp; <strong>: &nbsp;Dwi Puji Astuti , SE</strong> <strong>NIP</strong>&nbsp;&nbsp;&nbsp;&nbsp;&nbsp;&nbsp;&nbsp;&nbsp;&nbsp;&nbsp;&nbsp;&nbsp; <strong>: &nbsp;197508012010012005</strong></p>\r\n\r\n<p>&nbsp;</p>\r\n\r\n<p>&nbsp;</p>\r\n\r\n<table border=\"0\" cellpadding=\"0\" cellspacing=\"0\">\r\n	<tbody>\r\n		<tr>\r\n			<td style=\"height:32px; width:50px\">\r\n			<p><strong>No</strong></p>\r\n			</td>\r\n			<td style=\"height:32px; width:239px\">\r\n			<p><strong>Perilaku Kerja</strong></p>\r\n			</td>\r\n			<td style=\"height:32px; width:190px\">\r\n			<p><strong>Nilai</strong></p>\r\n			</td>\r\n			<td style=\"height:32px; width:190px\">\r\n			<p><strong>Keterangan</strong></p>\r\n			</td>\r\n		</tr>\r\n		<tr>\r\n			<td style=\"height:32px; width:50px\">\r\n			<p>1</p>\r\n			</td>\r\n			<td style=\"height:32px; width:239px\">\r\n			<p>Orientasi Pelayanan</p>\r\n			</td>\r\n			<td style=\"height:32px; width:190px\">\r\n			<p>82</p>\r\n			</td>\r\n			<td style=\"height:32px; width:190px\">\r\n			<p>(Baik)</p>\r\n			</td>\r\n		</tr>\r\n		<tr>\r\n			<td style=\"height:32px; width:50px\">\r\n			<p>2</p>\r\n			</td>\r\n			<td style=\"height:32px; width:239px\">\r\n			<p>Integritas</p>\r\n			</td>\r\n			<td style=\"height:32px; width:190px\">\r\n			<p>91</p>\r\n			</td>\r\n			<td style=\"height:32px; width:190px\">\r\n			<p>(Sangat Baik)</p>\r\n			</td>\r\n		</tr>\r\n		<tr>\r\n			<td style=\"height:32px; width:50px\">\r\n			<p>3</p>\r\n			</td>\r\n			<td style=\"height:32px; width:239px\">\r\n			<p>Komitmen</p>\r\n			</td>\r\n			<td style=\"height:32px; width:190px\">\r\n			<p>82</p>\r\n			</td>\r\n			<td style=\"height:32px; width:190px\">\r\n			<p>(Baik)</p>\r\n			</td>\r\n		</tr>\r\n		<tr>\r\n			<td style=\"height:32px; width:50px\">\r\n			<p>4</p>\r\n			</td>\r\n			<td style=\"height:32px; width:239px\">\r\n			<p>Disiplin</p>\r\n			</td>\r\n			<td style=\"height:32px; width:190px\">\r\n			<p>80</p>\r\n			</td>\r\n			<td style=\"height:32px; width:190px\">\r\n			<p>(Baik)</p>\r\n			</td>\r\n		</tr>\r\n		<tr>\r\n			<td style=\"height:32px; width:50px\">\r\n			<p>5</p>\r\n			</td>\r\n			<td style=\"height:32px; width:239px\">\r\n			<p>Kerjasama</p>\r\n			</td>\r\n			<td style=\"height:32px; width:190px\">\r\n			<p>80</p>\r\n			</td>\r\n			<td style=\"height:32px; width:190px\">\r\n			<p>(Baik)</p>\r\n			</td>\r\n		</tr>\r\n		<tr>\r\n			<td style=\"height:32px; width:50px\">\r\n			<p>6</p>\r\n			</td>\r\n			<td style=\"height:32px; width:239px\">\r\n			<p>Kepemimpinan</p>\r\n			</td>\r\n			<td style=\"height:32px; width:190px\">\r\n			<p>-</p>\r\n			</td>\r\n			<td style=\"height:32px; width:190px\">\r\n			<p>&nbsp;</p>\r\n			</td>\r\n		</tr>\r\n		<tr>\r\n			<td style=\"height:32px; width:50px\">\r\n			<p>&nbsp;</p>\r\n			</td>\r\n			<td style=\"height:32px; width:239px\">\r\n			<p><strong>Jumlah</strong></p>\r\n			</td>\r\n			<td style=\"height:32px; width:190px\">\r\n			<p><strong>415</strong></p>\r\n			</td>\r\n			<td style=\"height:32px; width:190px\">\r\n			<p><strong>-</strong></p>\r\n			</td>\r\n		</tr>\r\n		<tr>\r\n			<td style=\"height:32px; width:50px\">\r\n			<p>&nbsp;</p>\r\n			</td>\r\n			<td style=\"height:32px; width:239px\">\r\n			<p><strong>Nilai Rata - Rata</strong></p>\r\n			</td>\r\n			<td style=\"height:32px; width:190px\">\r\n			<p><strong>83,00</strong></p>\r\n			</td>\r\n			<td style=\"height:32px; width:190px\">\r\n			<p><strong>(Baik)</strong></p>\r\n			</td>\r\n		</tr>\r\n	</tbody>\r\n</table>\r\n\r\n<table cellpadding=\"0\" cellspacing=\"0\" style=\"width:100%\">\r\n	<tbody>\r\n		<tr>\r\n			<td>\r\n			<table border=\"0\" cellpadding=\"0\" cellspacing=\"0\">\r\n				<tbody>\r\n					<tr>\r\n						<td rowspan=\"11\" style=\"height:29px; width:26px\">\r\n						<p>&nbsp;</p>\r\n\r\n						<p><strong>4.</strong></p>\r\n						</td>\r\n						<td colspan=\"4\" style=\"height:29px; width:421px\">\r\n						<p><strong>UNSUR YANG DINILAI</strong></p>\r\n						</td>\r\n						<td style=\"height:29px; width:73px\">\r\n						<p><strong>Jumlah</strong></p>\r\n						</td>\r\n					</tr>\r\n					<tr>\r\n						<td colspan=\"4\" style=\"height:29px; width:421px\">\r\n						<p><strong>a.</strong><strong>&nbsp;Sasaran Kerja Pegawai (SKP)&nbsp;&nbsp;&nbsp;&nbsp;&nbsp;&nbsp;&nbsp;&nbsp;&nbsp;&nbsp;&nbsp;&nbsp;&nbsp;&nbsp;&nbsp;&nbsp;&nbsp;&nbsp;&nbsp;&nbsp;&nbsp;&nbsp;&nbsp;&nbsp;&nbsp;&nbsp;&nbsp;&nbsp;&nbsp;&nbsp;&nbsp;&nbsp;&nbsp;&nbsp;&nbsp;&nbsp;&nbsp;&nbsp;&nbsp;&nbsp;&nbsp; </strong><strong>87,89&nbsp;&nbsp; &nbsp;x&nbsp;&nbsp;&nbsp;&nbsp;&nbsp;&nbsp;&nbsp;&nbsp;&nbsp;&nbsp; 60%</strong></p>\r\n						</td>\r\n						<td style=\"height:29px; width:73px\">\r\n						<p>52,73</p>\r\n						</td>\r\n					</tr>\r\n					<tr>\r\n						<td rowspan=\"9\" style=\"height:29px; width:106px\">\r\n						<p>&nbsp;</p>\r\n\r\n						<p>&nbsp;</p>\r\n\r\n						<p>&nbsp;</p>\r\n\r\n						<p>&nbsp;</p>\r\n\r\n						<p>&nbsp;</p>\r\n\r\n						<p>&nbsp;</p>\r\n\r\n						<p>&nbsp;</p>\r\n\r\n						<p>&nbsp;</p>\r\n\r\n						<p><strong>b.</strong><strong> Perilaku Kerja</strong></p>\r\n						</td>\r\n						<td style=\"height:29px; width:152px\">\r\n						<p>1. Orientasi Pelayanan</p>\r\n						</td>\r\n						<td style=\"height:29px; width:65px\">\r\n						<p>82</p>\r\n						</td>\r\n						<td style=\"height:29px; width:98px\">\r\n						<p>(Baik)</p>\r\n						</td>\r\n						<td style=\"height:29px; width:73px\">\r\n						<p>&nbsp;</p>\r\n						</td>\r\n					</tr>\r\n					<tr>\r\n						<td style=\"height:29px; width:152px\">\r\n						<p>2. Integritas</p>\r\n						</td>\r\n						<td style=\"height:29px; width:65px\">\r\n						<p>91</p>\r\n						</td>\r\n						<td style=\"height:29px; width:98px\">\r\n						<p>(Sangat Baik)</p>\r\n						</td>\r\n						<td style=\"height:29px; width:73px\">\r\n						<p>&nbsp;</p>\r\n						</td>\r\n					</tr>\r\n					<tr>\r\n						<td style=\"height:29px; width:152px\">\r\n						<p>3. Komitmen</p>\r\n						</td>\r\n						<td style=\"height:29px; width:65px\">\r\n						<p>82</p>\r\n						</td>\r\n						<td style=\"height:29px; width:98px\">\r\n						<p>(Baik)</p>\r\n						</td>\r\n						<td style=\"height:29px; width:73px\">\r\n						<p>&nbsp;</p>\r\n						</td>\r\n					</tr>\r\n					<tr>\r\n						<td style=\"height:29px; width:152px\">\r\n						<p>4. Disiplin</p>\r\n						</td>\r\n						<td style=\"height:29px; width:65px\">\r\n						<p>80</p>\r\n						</td>\r\n						<td style=\"height:29px; width:98px\">\r\n						<p>(Baik)</p>\r\n						</td>\r\n						<td style=\"height:29px; width:73px\">\r\n						<p>&nbsp;</p>\r\n						</td>\r\n					</tr>\r\n					<tr>\r\n						<td style=\"height:29px; width:152px\">\r\n						<p>5. Kerjasama</p>\r\n						</td>\r\n						<td style=\"height:29px; width:65px\">\r\n						<p>80</p>\r\n						</td>\r\n						<td style=\"height:29px; width:98px\">\r\n						<p>(Baik)</p>\r\n						</td>\r\n						<td style=\"height:29px; width:73px\">\r\n						<p>&nbsp;</p>\r\n						</td>\r\n					</tr>\r\n					<tr>\r\n						<td style=\"height:29px; width:152px\">\r\n						<p>6. Kepemimpinan</p>\r\n						</td>\r\n						<td style=\"height:29px; width:65px\">\r\n						<p>-</p>\r\n						</td>\r\n						<td style=\"height:29px; width:98px\">\r\n						<p>&nbsp;</p>\r\n						</td>\r\n						<td style=\"height:29px; width:73px\">\r\n						<p>&nbsp;</p>\r\n						</td>\r\n					</tr>\r\n					<tr>\r\n						<td style=\"height:29px; width:152px\">\r\n						<p>7. Jumlah</p>\r\n						</td>\r\n						<td style=\"height:29px; width:65px\">\r\n						<p>415</p>\r\n						</td>\r\n						<td style=\"height:29px; width:98px\">\r\n						<p>&nbsp;</p>\r\n						</td>\r\n						<td style=\"height:29px; width:73px\">\r\n						<p>&nbsp;</p>\r\n						</td>\r\n					</tr>\r\n					<tr>\r\n						<td style=\"height:29px; width:152px\">\r\n						<p>Nilai rata &ndash; rata</p>\r\n						</td>\r\n						<td style=\"height:29px; width:65px\">\r\n						<p>83,00</p>\r\n						</td>\r\n						<td style=\"height:29px; width:98px\">\r\n						<p>&nbsp;</p>\r\n						</td>\r\n						<td style=\"height:29px; width:73px\">\r\n						<p>&nbsp;</p>\r\n						</td>\r\n					</tr>\r\n					<tr>\r\n						<td colspan=\"3\" style=\"height:29px; width:315px\">\r\n						<p><strong>Nilai</strong><strong>&nbsp;Perilaku Kerja&nbsp;&nbsp;&nbsp;&nbsp;&nbsp;&nbsp;&nbsp;&nbsp;&nbsp;&nbsp;&nbsp;&nbsp;&nbsp;&nbsp;&nbsp;&nbsp;&nbsp;&nbsp;&nbsp;&nbsp; </strong><strong>83,00&nbsp;&nbsp;&nbsp;&nbsp;&nbsp;&nbsp;&nbsp;&nbsp; x&nbsp;&nbsp;&nbsp;&nbsp;&nbsp;&nbsp;&nbsp;&nbsp;&nbsp;&nbsp;&nbsp; 40%</strong></p>\r\n						</td>\r\n						<td style=\"height:29px; width:73px\">\r\n						<p>33,20</p>\r\n						</td>\r\n					</tr>\r\n					<tr>\r\n						<td colspan=\"5\" rowspan=\"2\" style=\"height:29px; width:447px\">\r\n						<p>&nbsp;</p>\r\n\r\n						<p>&nbsp;</p>\r\n\r\n						<p><strong>NILAI </strong><strong>PRESTASI KERJA</strong></p>\r\n						</td>\r\n						<td style=\"height:29px; width:73px\">\r\n						<p><strong>85,93</strong></p>\r\n						</td>\r\n					</tr>\r\n					<tr>\r\n						<td style=\"height:29px; width:73px\">\r\n						<p><strong>(Baik)</strong></p>\r\n						</td>\r\n					</tr>\r\n					<tr>\r\n						<td colspan=\"6\" style=\"height:286px; width:520px\">&nbsp;</td>\r\n					</tr>\r\n				</tbody>\r\n			</table>\r\n			</td>\r\n		</tr>\r\n	</tbody>\r\n</table>\r\n\r\n<p>&nbsp;</p>\r\n', 2021, 1, 'Tacit', 4, 2, NULL),
(20, 'Pengenalan Knowledge Managament System', '<p>Knowledge</p>\r\n\r\n<p>&nbsp;&nbsp;&nbsp;&nbsp;&nbsp;&nbsp;&nbsp;&nbsp;&nbsp;&nbsp;&nbsp;&nbsp;&nbsp; Pengetahuan merupakan struktur organisasi pengetahuan yang biasanya merupakan suatu fakta prosedur dimana jika dilakukan akan memenuhi kinerja yang mungkin (Gordon 1994 : 57) &nbsp;Pengetahuan adalah proses belajar manusia mengenai kebenaran atau jalan yang benar secara mudahnya mengetahui apa yang harus diketahui untuk dilakukan (Nadler (1986 : 62) Pengetahuan pada dasarnya terdiri atas 2 macam yaitu tacit knowledge dan explicit knowledge. Tacit knowledge bersifat personal, dikembangkan melalui pengalaman yang sulit untuk diformulasikan dan dikomunikasikan. Sedangkan explicit knowledge bersifat formal dan sistematis yang mudah untuk dikomunikasikan dan dibagi (Prasetyo, 2017).</p>\r\n\r\n<p>&nbsp;&nbsp;&nbsp;&nbsp;&nbsp;&nbsp;&nbsp;&nbsp;&nbsp;&nbsp;&nbsp; Knowledge bisa diartikan sebagai percampuran antara pengalaman, nilai, informasi kontekstual, dan wawasan para ahli yang menyediakan kerangka kerja untuk mengevaluasi serta menggabungkan informasi baru dan pengalaman. Di dalam suatu organisasi <em>knowledge </em>sering ditanamkan tidak hanya pada dokumen atau reposisi saja namun juga pada kegiatan, proses, praktek, dan norma organisasi (Davenport dan Prusak,1999).</p>\r\n\r\n<p>&nbsp;&nbsp;&nbsp;&nbsp;&nbsp;&nbsp;&nbsp;&nbsp;&nbsp;&nbsp;&nbsp; Jadi dapat penulis simpulkan bahwa <em>Knowledge</em> merupakan gabungan dari pengalaman, nilai, informasi kontekstual dan wawasan para ahli yang dapat dijadikan sebagai bahan acuan untuk mengevaluasi serta menggabungkan informasi baru dan pengalaman yang dimiliki yang sewaktu-waktu dapat diterapkan sebagai solusi dari pemecahan suatu masalah.</p>\r\n\r\n<p>Management</p>\r\n\r\n<p>Management berasal dari kata manage dimana artinya adalah mengatur. Pengaturan yang dimaksud adalah suatu seni mengarahkan orang lain untuk mencapai tujuan utama dalam suatu organisasi melalui proses perencanaan (Planning), pengorganisasian (Organizing), dan mengelola (Controlling) sumber daya manusia dengan cara efektif dan efisien.</p>\r\n\r\n<p>Menurut T. Hani Handoko (2000:10) menyimpulkan bahwa Manajemen adalah bekerja dengan orang-orang untuk menentukan, menginterpretasikan, dan mencapai tujuan-tujuan organisasi dengan pelaksanaan, fungsi-fungsi perencanaan, pengorganisassian, penyusunan, personalia, pengarahan, kepemimpinan dan pengawasan.</p>\r\n\r\n<p>Menurut Stoner dan Wankel yang dikutip oleh Siswanto (2003) menyimpulkan juga bahwa Manajemen adalah proses perencanaan, pengorganisasian, kepemimpinan dan upaya pengendalian anggota organisasi dan penggunaan sumber daya organisasi lainnya demi tercapainya tujuan organisasi yang telah tercapai.&nbsp;</p>\r\n\r\n<p>Dari definisi yang tertera di atas, penulis menyimpulkan bahwa manajemen adalah ilmu&nbsp; untuk melaksanakan fungsi-fungsi manajemen, dimana fungsi-fungsi tersebut bertujuan untuk mencapai tujuan bersama, individu dan masyarakat secara efektif dan efisien.</p>\r\n\r\n<p>&nbsp;</p>\r\n\r\n<p>Knowledge Management</p>\r\n\r\n<p>&nbsp;&nbsp;&nbsp;&nbsp;&nbsp;&nbsp;&nbsp;&nbsp;&nbsp;&nbsp;&nbsp; Pengertian Knowledge Management bisa diartikan sebagai perasaan manusia untuk melakukan proses berbagi pengetahuan, serta belajar dan bekerja sama secara lebih efektid, sebagai sebuah proses yang secara mental menyenangkan (fung mentality).</p>\r\n\r\n<p>&nbsp;&nbsp;&nbsp;&nbsp;&nbsp;&nbsp;&nbsp;&nbsp;&nbsp;&nbsp;&nbsp;&nbsp;&nbsp; Konsep Knowledge Management dapat mepenjadi sebuah solusi untuk meningkatkan penguasaan pengetahuan dalam kegiatan penyajian dan penyimpanan data, informasi dan komunikasi di suatu instansi, peranan knowldege dalam suatu instansi merupakan suatu kebutuhan (Wendi, Rino,2018).</p>\r\n\r\n<p>&nbsp;&nbsp;&nbsp;&nbsp;&nbsp;&nbsp;&nbsp;&nbsp;&nbsp;&nbsp;&nbsp;&nbsp;&nbsp; Menurut Dalkir (2005), Manajemen Pengetahuan (<em>Knowledge Management</em>) adalah suatu pendekatan kolaboratif dan integrative dalam menciptakan, menangkap, memindahkan dan mengakses berbagai bentuk aset intelektual.&nbsp;</p>\r\n\r\n<p>&nbsp;&nbsp;&nbsp;&nbsp;&nbsp;&nbsp;&nbsp;&nbsp;&nbsp;&nbsp;&nbsp;&nbsp;&nbsp;&nbsp;&nbsp;&nbsp;&nbsp;&nbsp; 1.Creation</p>\r\n\r\n<p>&nbsp;&nbsp;&nbsp;&nbsp;&nbsp;&nbsp;&nbsp;&nbsp;&nbsp;&nbsp;&nbsp; Perwujudan diciptakkannya pengetahuan, menurut Konsep SECI, proses penciptaan knowledge organisasi terjadi karena adanya interaksi (konversi) antara tacit knowledge dan explicit knowledge, melalui perwujudan dari Model SECI ( socialization&cedil; externalization,</p>\r\n\r\n<p>combination, dan&nbsp; internalization) menggunakan perangkat teknologi informasi pada organisasi.</p>\r\n\r\n<p>&nbsp;&nbsp;&nbsp;&nbsp;&nbsp;&nbsp;&nbsp;&nbsp;&nbsp;&nbsp;&nbsp;&nbsp;&nbsp; 2. Capture</p>\r\n\r\n<p>&nbsp;&nbsp;&nbsp;&nbsp;&nbsp;&nbsp;&nbsp;&nbsp;&nbsp;&nbsp;&nbsp; Capture Knowledge adalah proses menangkap tacit knowledge yang dipunya oleh orang atau badan organisasi.</p>\r\n\r\n<p>&nbsp;&nbsp;&nbsp;&nbsp;&nbsp;&nbsp;&nbsp;&nbsp;&nbsp;&nbsp;&nbsp;&nbsp;&nbsp; 3. Transfer</p>\r\n\r\n<p>&nbsp;&nbsp;&nbsp;&nbsp;&nbsp;&nbsp;&nbsp;&nbsp;&nbsp;&nbsp;&nbsp; Memindahkan pengetahuan yang dimiliki kepada orang yang membutuhkan pengetahuan tersebut dengan cara mentransfer pengetahuan kepada orang.</p>\r\n\r\n<p>&nbsp;</p>\r\n\r\n<p>&nbsp;&nbsp;&nbsp;&nbsp;&nbsp;&nbsp;&nbsp;&nbsp;&nbsp;&nbsp;&nbsp;&nbsp;&nbsp; 4. Access</p>\r\n\r\n<p>&nbsp;&nbsp;&nbsp;&nbsp;&nbsp;&nbsp;&nbsp;&nbsp;&nbsp;&nbsp;&nbsp; Penyediaan akses ke pengetahuan atau memfasilitasi transfer pengetahuan antar individu. Kesulitannya biasanya terletak pada bagaimana menemukan orang dengan pengetahuan yang dibutuhkan.</p>\r\n\r\n<p>&nbsp;</p>\r\n\r\n<p>Knowledge Sharing</p>\r\n\r\n<p>&nbsp;</p>\r\n\r\n<p>&nbsp;&nbsp;&nbsp;&nbsp;&nbsp;&nbsp;&nbsp;&nbsp;&nbsp;&nbsp;&nbsp;&nbsp;&nbsp; Berbagi Pengetahuan ( Knowledge sharing) adalah pertukaran pengetahuan antara dua atau lebih individu dimana salah satu pihak mengkomunikasikan pengetahuan yang ia miliki dan pihak lain mengasimilasi pengetahuan tersebut sehingga secara bersama-sama sehingga terciptalah pengetahuan baru (Soerjoatmodjo, 2015).</p>\r\n\r\n<p>&nbsp;&nbsp;&nbsp;&nbsp;&nbsp;&nbsp;&nbsp;&nbsp;&nbsp;&nbsp;&nbsp;&nbsp;&nbsp; Berbagi Pengetahuan ( <em>Knowledge Sharing</em> ) tidak sekedar memberikan pengetahuan kepada orang lain atau mendapatkan dari mereka sebagai hasil timbal balik, namun terjadi ketika orang-orang secara alami tertarik untuk membantu satu sama lain dalam membangun kompetensi dan kapasitas yang baru (Kurniawan,2017). Berbagi Pengetahuan ( <em>Knowledge Sharing </em>) banyak diyakini sebagai kegiatan yang mampu mendorong kreativitas dan terciptanya inovasi bagi sebuah organisasi (Nove, 2016).</p>\r\n\r\n<p>&nbsp;&nbsp;&nbsp;&nbsp;&nbsp;&nbsp;&nbsp;&nbsp;&nbsp;&nbsp;&nbsp;&nbsp;&nbsp; Faktor-faktor yang dapat memengaruhi keputusan orang untuk terlibat dalam kegiatan berbagi pengetahuan, telah dikelompokkan menjadi tiga sub kelompok, yaitu faktor organisasi, faktor individu dan faktor teknologi (Utari et al., 2017).</p>\r\n\r\n<ol>\r\n	<li>Faktor Organisasi, faktor yang tidak berasal dari individu pribadi. Hal ini dapat disebabkan oleh lingkungan atau individu lain untuk merangsang sikap berbagi pengetahuan. Sistem insentif, budaya organisasi dan sistem manajemen diklasifikasikan sebagai faktor eksternal.</li>\r\n	<li>Faktor Individu, faktor yang berasal dari pertimbangan <em>individually</em> <em>driven</em>. Ini berarti bahwa faktor berasal dari keadaan internal seseorang. Contoh faktor internal adalah keyakinan, persepsi, harapan, sikap dan perasaan.</li>\r\n	<li>Faktor Teknologi, berkaitan dengan teknologi manajemen pengetahuan, seperti perangkat lunak dan perangkat keras yang digunakan dalam kegiatan sharing.</li>\r\n</ol>\r\n', 2021, 1, 'Tacit', 4, 1, NULL);

-- --------------------------------------------------------

--
-- Table structure for table `sop`
--

DROP TABLE IF EXISTS `sop`;
CREATE TABLE IF NOT EXISTS `sop` (
  `id_sop` int(11) NOT NULL AUTO_INCREMENT,
  `judul` text NOT NULL,
  `deskripsi` text NOT NULL,
  `file` text NOT NULL,
  `tgl_pembuatan` date NOT NULL,
  `versi` varchar(10) NOT NULL,
  `email` varchar(50) NOT NULL,
  PRIMARY KEY (`id_sop`),
  KEY `email` (`email`)
) ENGINE=InnoDB AUTO_INCREMENT=24 DEFAULT CHARSET=latin1;

--
-- Dumping data for table `sop`
--

INSERT INTO `sop` (`id_sop`, `judul`, `deskripsi`, `file`, `tgl_pembuatan`, `versi`, `email`) VALUES
(20, 'SOP Penerimaan CPNS', '', 'sop/SOPPenerimaanCPNS.pdf', '2021-07-16', '1', 'ditaindahsari99@gmail.com'),
(21, 'SOP Pengadaan PPPK', '', 'sop/SOPPengadaanPPPK.pdf', '2021-07-16', '1', 'ditaindahsari99@gmail.com'),
(22, 'SOP Pengukuhan dan Penerbitan SK PNS', '', 'sop/SOPPengukuhandanPenerbitanSKPNS.pdf', '2021-07-16', '1', 'ditaindahsari99@gmail.com'),
(23, 'SOP Pengadaan dan Pemberhentian', '', 'sop/SOPPengadaandanPemberhentian.pdf', '2021-07-16', '1', 'ditaindahsari99@gmail.com');

--
-- Constraints for dumped tables
--

--
-- Constraints for table `detail_notulensi`
--
ALTER TABLE `detail_notulensi`
  ADD CONSTRAINT `detail_notulensi_ibfk_1` FOREIGN KEY (`id_notulensi`) REFERENCES `notulensi` (`id_notulensi`) ON DELETE CASCADE ON UPDATE CASCADE;

--
-- Constraints for table `komentar_pengetahuan`
--
ALTER TABLE `komentar_pengetahuan`
  ADD CONSTRAINT `komentar_pengetahuan_ibfk_1` FOREIGN KEY (`id_pengetahuan`) REFERENCES `pengetahuan` (`id_pengetahuan`) ON DELETE CASCADE ON UPDATE CASCADE,
  ADD CONSTRAINT `komentar_pengetahuan_ibfk_2` FOREIGN KEY (`id_pegawai`) REFERENCES `pegawai` (`id_pegawai`) ON DELETE CASCADE ON UPDATE CASCADE;

--
-- Constraints for table `notulensi`
--
ALTER TABLE `notulensi`
  ADD CONSTRAINT `notulensi_ibfk_1` FOREIGN KEY (`id_pegawai`) REFERENCES `pegawai` (`id_pegawai`) ON DELETE CASCADE ON UPDATE CASCADE;

--
-- Constraints for table `pegawai`
--
ALTER TABLE `pegawai`
  ADD CONSTRAINT `pegawai_ibfk_1` FOREIGN KEY (`email`) REFERENCES `akun` (`email`) ON DELETE CASCADE ON UPDATE CASCADE;

--
-- Constraints for table `pengetahuan`
--
ALTER TABLE `pengetahuan`
  ADD CONSTRAINT `pengetahuan_ibfk_1` FOREIGN KEY (`id_kategori`) REFERENCES `kategori` (`id_kategori`) ON DELETE CASCADE ON UPDATE CASCADE,
  ADD CONSTRAINT `pengetahuan_ibfk_2` FOREIGN KEY (`id_pegawai`) REFERENCES `pegawai` (`id_pegawai`) ON DELETE CASCADE ON UPDATE CASCADE;

--
-- Constraints for table `sop`
--
ALTER TABLE `sop`
  ADD CONSTRAINT `sop_ibfk_1` FOREIGN KEY (`email`) REFERENCES `akun` (`email`) ON DELETE CASCADE ON UPDATE CASCADE;
COMMIT;

/*!40101 SET CHARACTER_SET_CLIENT=@OLD_CHARACTER_SET_CLIENT */;
/*!40101 SET CHARACTER_SET_RESULTS=@OLD_CHARACTER_SET_RESULTS */;
/*!40101 SET COLLATION_CONNECTION=@OLD_COLLATION_CONNECTION */;
